species_name,species_code,unique_gene_identifiers,other_gene_identifiers,gene_models,text_unprocessed,annotations,reference_name,reference_link,reference_file
Zea mays ssp mays,zma,ns1|GRMZM2G069028,narrow sheath1,GRMZM2G069028," Plants are reduced in height due to extremely shortened internodes but have normal size and number of leaves, ears, tassels, etc. Plants do not elongate in response to gibberellins.",,"Oellrich, Walls et al., 2015",https://plantmethods.biomedcentral.com/articles/10.1186/s13007-015-0053-y,13007_2015_53_MOESM1_ESM.csv
Zea mays ssp mays,zma,ns2|NM_001111772.1,narrow sheath2,," Plants are reduced in height due to extremely shortened internodes but have normal size and number of leaves, ears, tassels, etc. Plants do not elongate in response to gibberellins.",,"Oellrich, Walls et al., 2015",https://plantmethods.biomedcentral.com/articles/10.1186/s13007-015-0053-y,13007_2015_53_MOESM1_ESM.csv
Zea mays ssp mays,zma,ns1|GRMZM2G069028,narrow sheath1,GRMZM2G069028," Plants are reduced in height due to extremely shortened internodes but have normal size and number of leaves, ears, tassels, etc. Plants do not elongate in response to gibberellins.",,"Oellrich, Walls et al., 2015",https://plantmethods.biomedcentral.com/articles/10.1186/s13007-015-0053-y,13007_2015_53_MOESM1_ESM.csv
Zea mays ssp mays,zma,ns1|GRMZM2G069028,narrow sheath1,GRMZM2G069028," Plants are reduced in height due to extremely shortened internodes but have normal size and number of leaves, ears, tassels, etc. Plants do not elongate in response to gibberellins.",,"Oellrich, Walls et al., 2015",https://plantmethods.biomedcentral.com/articles/10.1186/s13007-015-0053-y,13007_2015_53_MOESM1_ESM.csv
Zea mays ssp mays,zma,ns2|NM_001111772.1,narrow sheath2,," Plants are reduced in height due to extremely shortened internodes but have normal size and number of leaves, ears, tassels, etc. Plants do not elongate in response to gibberellins.",,"Oellrich, Walls et al., 2015",https://plantmethods.biomedcentral.com/articles/10.1186/s13007-015-0053-y,13007_2015_53_MOESM1_ESM.csv
Zea mays ssp mays,zma,ns2|NM_001111772.1,narrow sheath2,," Plants are reduced in height due to extremely shortened internodes but have normal size and number of leaves, ears, tassels, etc. Plants do not elongate in response to gibberellins.",,"Oellrich, Walls et al., 2015",https://plantmethods.biomedcentral.com/articles/10.1186/s13007-015-0053-y,13007_2015_53_MOESM1_ESM.csv
Arabidopsis thaliana,ath,UBP26|At3g49600,Ubiquitin-Specific Protease,At3g49600,50% defective seeds; Low penetrance of endosperm development without fertilization; Reduced fertility; Shriveled seeds,,"Oellrich, Walls et al., 2015",https://plantmethods.biomedcentral.com/articles/10.1186/s13007-015-0053-y,13007_2015_53_MOESM1_ESM.csv
Arabidopsis thaliana,ath,UBP26|At3g49600,Ubiquitin-Specific Protease,At3g49600,50% defective seeds; Low penetrance of endosperm development without fertilization; Reduced fertility; Shriveled seeds,,"Oellrich, Walls et al., 2015",https://plantmethods.biomedcentral.com/articles/10.1186/s13007-015-0053-y,13007_2015_53_MOESM1_ESM.csv
Arabidopsis thaliana,ath,UBP26|At3g49600,Ubiquitin-Specific Protease,At3g49600,50% defective seeds; Low penetrance of endosperm development without fertilization; Reduced fertility; Shriveled seeds,,"Oellrich, Walls et al., 2015",https://plantmethods.biomedcentral.com/articles/10.1186/s13007-015-0053-y,13007_2015_53_MOESM1_ESM.csv
Arabidopsis thaliana,ath,UBP26|At3g49600,Ubiquitin-Specific Protease,At3g49600,50% defective seeds; Low penetrance of endosperm development without fertilization; Reduced fertility; Shriveled seeds,,"Oellrich, Walls et al., 2015",https://plantmethods.biomedcentral.com/articles/10.1186/s13007-015-0053-y,13007_2015_53_MOESM1_ESM.csv
Medicago truncatula,mtr,cyp716A12|Medtr3g021350,lha|cytochrome P450 monoxygenase,Medtr3g021350,"A cytochrome P450 gene (CYP716A12) is involved in an early step in saponin biosynthesis and is found in most tissues.  CYP716A12 loss-of-function mutants do not produce hemolytic saponins and only synthetize soyasaponins, and were thus named lacking hemolytic activity (lha).  CYP716A12 catalyzes the oxidation of _-amyrin and erythrodiol at the C-28 position, yielding oleanolic acid. Transcriptome changes in the lha mutant showed a modulation in the main steps of the triterpenic saponin biosynthetic pathway, which includes squalene cyclization, _-amyrin oxidation, and glycosylation.  Growth of homozygous lha/lha plants was stunted.",,"Oellrich, Walls et al., 2015",https://plantmethods.biomedcentral.com/articles/10.1186/s13007-015-0053-y,13007_2015_53_MOESM1_ESM.csv
Medicago truncatula,mtr,cyp716A12|Medtr3g021350,lha|cytochrome P450 monoxygenase,Medtr3g021350,"A cytochrome P450 gene (CYP716A12) is involved in an early step in saponin biosynthesis and is found in most tissues.  CYP716A12 loss-of-function mutants do not produce hemolytic saponins and only synthetize soyasaponins, and were thus named lacking hemolytic activity (lha).  CYP716A12 catalyzes the oxidation of _-amyrin and erythrodiol at the C-28 position, yielding oleanolic acid. Transcriptome changes in the lha mutant showed a modulation in the main steps of the triterpenic saponin biosynthetic pathway, which includes squalene cyclization, _-amyrin oxidation, and glycosylation.  Growth of homozygous lha/lha plants was stunted.",,"Oellrich, Walls et al., 2015",https://plantmethods.biomedcentral.com/articles/10.1186/s13007-015-0053-y,13007_2015_53_MOESM1_ESM.csv
Medicago truncatula,mtr,cyp716A12|Medtr3g021180,lha|cytochrome P450 monoxygenase,Medtr3g021180,"A cytochrome P450 gene (CYP716A12) is involved in an early step in saponin biosynthesis and is found in most tissues.  CYP716A12 loss-of-function mutants do not produce hemolytic saponins and only synthetize soyasaponins, and were thus named lacking hemolytic activity (lha).  CYP716A12 catalyzes the oxidation of _-amyrin and erythrodiol at the C-28 position, yielding oleanolic acid. Transcriptome changes in the lha mutant showed a modulation in the main steps of the triterpenic saponin biosynthetic pathway, which includes squalene cyclization, _-amyrin oxidation, and glycosylation.  Growth of homozygous lha/lha plants was stunted.",,"Oellrich, Walls et al., 2015",https://plantmethods.biomedcentral.com/articles/10.1186/s13007-015-0053-y,13007_2015_53_MOESM1_ESM.csv
Medicago truncatula,mtr,cyp716A12|Medtr3g021180,lha|cytochrome P450 monoxygenase,Medtr3g021180,"A cytochrome P450 gene (CYP716A12) is involved in an early step in saponin biosynthesis and is found in most tissues.  CYP716A12 loss-of-function mutants do not produce hemolytic saponins and only synthetize soyasaponins, and were thus named lacking hemolytic activity (lha).  CYP716A12 catalyzes the oxidation of _-amyrin and erythrodiol at the C-28 position, yielding oleanolic acid. Transcriptome changes in the lha mutant showed a modulation in the main steps of the triterpenic saponin biosynthetic pathway, which includes squalene cyclization, _-amyrin oxidation, and glycosylation.  Growth of homozygous lha/lha plants was stunted.",,"Oellrich, Walls et al., 2015",https://plantmethods.biomedcentral.com/articles/10.1186/s13007-015-0053-y,13007_2015_53_MOESM1_ESM.csv
Oryza sativa,osa,SL1|Os01g0129200,stl1.1|STAMENLESS 1,Os01g0129200,"a mutant floret has degenerated lemma and palea, so that they fail to enclose the stamens and pistil. The mutant does not produce normal stamens and is thus male sterile. Usually, one floret forms one caryopsis. Although mutant is male sterile, it can produce seeds when pollinated with pollen from wild type plants. In that case one or two naked seeds can be formed in a single floret. So, the mutant is female fertile. In general, a mutant floret contains many pistils but no stamens, indicating that the stamens are transformed to pistils. In some mutant florets, pistilloid stamens containing a filament tipped by malformed tissue and deformed stigma or one to three stigmas were observed. In the cross section of a wild type floret six filaments representing the six stamens and an ovary representing the pistil in the middle can be seen clearly, while in a mutant floret, some filaments and some pistilloid tissues, e.g., the ovary-like or malformed tissues are observed. The pistilloid tissues are counterparts of the wild type stamens. In the longitudinal section of a mutant floret, three ovaries can be seen clearly. ",,"Oellrich, Walls et al., 2015",https://plantmethods.biomedcentral.com/articles/10.1186/s13007-015-0053-y,13007_2015_53_MOESM1_ESM.csv
Oryza sativa,osa,SL1|Os01g0129200,stl1.1|STAMENLESS 1,Os01g0129200,"a mutant floret has degenerated lemma and palea, so that they fail to enclose the stamens and pistil. The mutant does not produce normal stamens and is thus male sterile. Usually, one floret forms one caryopsis. Although mutant is male sterile, it can produce seeds when pollinated with pollen from wild type plants. In that case one or two naked seeds can be formed in a single floret. So, the mutant is female fertile. In general, a mutant floret contains many pistils but no stamens, indicating that the stamens are transformed to pistils. In some mutant florets, pistilloid stamens containing a filament tipped by malformed tissue and deformed stigma or one to three stigmas were observed. In the cross section of a wild type floret six filaments representing the six stamens and an ovary representing the pistil in the middle can be seen clearly, while in a mutant floret, some filaments and some pistilloid tissues, e.g., the ovary-like or malformed tissues are observed. The pistilloid tissues are counterparts of the wild type stamens. In the longitudinal section of a mutant floret, three ovaries can be seen clearly. ",,"Oellrich, Walls et al., 2015",https://plantmethods.biomedcentral.com/articles/10.1186/s13007-015-0053-y,13007_2015_53_MOESM1_ESM.csv
Oryza sativa,osa,SL1|Os01g0129200,stl1.1|STAMENLESS 1,Os01g0129200,"a mutant floret has degenerated lemma and palea, so that they fail to enclose the stamens and pistil. The mutant does not produce normal stamens and is thus male sterile. Usually, one floret forms one caryopsis. Although mutant is male sterile, it can produce seeds when pollinated with pollen from wild type plants. In that case one or two naked seeds can be formed in a single floret. So, the mutant is female fertile. In general, a mutant floret contains many pistils but no stamens, indicating that the stamens are transformed to pistils. In some mutant florets, pistilloid stamens containing a filament tipped by malformed tissue and deformed stigma or one to three stigmas were observed. In the cross section of a wild type floret six filaments representing the six stamens and an ovary representing the pistil in the middle can be seen clearly, while in a mutant floret, some filaments and some pistilloid tissues, e.g., the ovary-like or malformed tissues are observed. The pistilloid tissues are counterparts of the wild type stamens. In the longitudinal section of a mutant floret, three ovaries can be seen clearly. ",,"Oellrich, Walls et al., 2015",https://plantmethods.biomedcentral.com/articles/10.1186/s13007-015-0053-y,13007_2015_53_MOESM1_ESM.csv
Oryza sativa,osa,SL1|Os01g0129200,stl1.1|STAMENLESS 1,Os01g0129200,"a mutant floret has degenerated lemma and palea, so that they fail to enclose the stamens and pistil. The mutant does not produce normal stamens and is thus male sterile. Usually, one floret forms one caryopsis. Although mutant is male sterile, it can produce seeds when pollinated with pollen from wild type plants. In that case one or two naked seeds can be formed in a single floret. So, the mutant is female fertile. In general, a mutant floret contains many pistils but no stamens, indicating that the stamens are transformed to pistils. In some mutant florets, pistilloid stamens containing a filament tipped by malformed tissue and deformed stigma or one to three stigmas were observed. In the cross section of a wild type floret six filaments representing the six stamens and an ovary representing the pistil in the middle can be seen clearly, while in a mutant floret, some filaments and some pistilloid tissues, e.g., the ovary-like or malformed tissues are observed. The pistilloid tissues are counterparts of the wild type stamens. In the longitudinal section of a mutant floret, three ovaries can be seen clearly. ",,"Oellrich, Walls et al., 2015",https://plantmethods.biomedcentral.com/articles/10.1186/s13007-015-0053-y,13007_2015_53_MOESM1_ESM.csv
Oryza sativa,osa,SL1|Os01g0129200,stl1.1|STAMENLESS 1,Os01g0129200,"a mutant floret has degenerated lemma and palea, so that they fail to enclose the stamens and pistil. The mutant does not produce normal stamens and is thus male sterile. Usually, one floret forms one caryopsis. Although mutant is male sterile, it can produce seeds when pollinated with pollen from wild type plants. In that case one or two naked seeds can be formed in a single floret. So, the mutant is female fertile. In general, a mutant floret contains many pistils but no stamens, indicating that the stamens are transformed to pistils. In some mutant florets, pistilloid stamens containing a filament tipped by malformed tissue and deformed stigma or one to three stigmas were observed. In the cross section of a wild type floret six filaments representing the six stamens and an ovary representing the pistil in the middle can be seen clearly, while in a mutant floret, some filaments and some pistilloid tissues, e.g., the ovary-like or malformed tissues are observed. The pistilloid tissues are counterparts of the wild type stamens. In the longitudinal section of a mutant floret, three ovaries can be seen clearly. ",,"Oellrich, Walls et al., 2015",https://plantmethods.biomedcentral.com/articles/10.1186/s13007-015-0053-y,13007_2015_53_MOESM1_ESM.csv
Oryza sativa,osa,SL1|Os01g0129200,stl1.1|STAMENLESS 1,Os01g0129200,"a mutant floret has degenerated lemma and palea, so that they fail to enclose the stamens and pistil. The mutant does not produce normal stamens and is thus male sterile. Usually, one floret forms one caryopsis. Although mutant is male sterile, it can produce seeds when pollinated with pollen from wild type plants. In that case one or two naked seeds can be formed in a single floret. So, the mutant is female fertile. In general, a mutant floret contains many pistils but no stamens, indicating that the stamens are transformed to pistils. In some mutant florets, pistilloid stamens containing a filament tipped by malformed tissue and deformed stigma or one to three stigmas were observed. In the cross section of a wild type floret six filaments representing the six stamens and an ovary representing the pistil in the middle can be seen clearly, while in a mutant floret, some filaments and some pistilloid tissues, e.g., the ovary-like or malformed tissues are observed. The pistilloid tissues are counterparts of the wild type stamens. In the longitudinal section of a mutant floret, three ovaries can be seen clearly. ",,"Oellrich, Walls et al., 2015",https://plantmethods.biomedcentral.com/articles/10.1186/s13007-015-0053-y,13007_2015_53_MOESM1_ESM.csv
Oryza sativa,osa,SL1|Os01g0129200,stl1.1|STAMENLESS 1,Os01g0129200,"a mutant floret has degenerated lemma and palea, so that they fail to enclose the stamens and pistil. The mutant does not produce normal stamens and is thus male sterile. Usually, one floret forms one caryopsis. Although mutant is male sterile, it can produce seeds when pollinated with pollen from wild type plants. In that case one or two naked seeds can be formed in a single floret. So, the mutant is female fertile. In general, a mutant floret contains many pistils but no stamens, indicating that the stamens are transformed to pistils. In some mutant florets, pistilloid stamens containing a filament tipped by malformed tissue and deformed stigma or one to three stigmas were observed. In the cross section of a wild type floret six filaments representing the six stamens and an ovary representing the pistil in the middle can be seen clearly, while in a mutant floret, some filaments and some pistilloid tissues, e.g., the ovary-like or malformed tissues are observed. The pistilloid tissues are counterparts of the wild type stamens. In the longitudinal section of a mutant floret, three ovaries can be seen clearly. ",,"Oellrich, Walls et al., 2015",https://plantmethods.biomedcentral.com/articles/10.1186/s13007-015-0053-y,13007_2015_53_MOESM1_ESM.csv
Oryza sativa,osa,SL1|Os01g0129200,stl1.1|STAMENLESS 1,Os01g0129200,"a mutant floret has degenerated lemma and palea, so that they fail to enclose the stamens and pistil. The mutant does not produce normal stamens and is thus male sterile. Usually, one floret forms one caryopsis. Although mutant is male sterile, it can produce seeds when pollinated with pollen from wild type plants. In that case one or two naked seeds can be formed in a single floret. So, the mutant is female fertile. In general, a mutant floret contains many pistils but no stamens, indicating that the stamens are transformed to pistils. In some mutant florets, pistilloid stamens containing a filament tipped by malformed tissue and deformed stigma or one to three stigmas were observed. In the cross section of a wild type floret six filaments representing the six stamens and an ovary representing the pistil in the middle can be seen clearly, while in a mutant floret, some filaments and some pistilloid tissues, e.g., the ovary-like or malformed tissues are observed. The pistilloid tissues are counterparts of the wild type stamens. In the longitudinal section of a mutant floret, three ovaries can be seen clearly. ",,"Oellrich, Walls et al., 2015",https://plantmethods.biomedcentral.com/articles/10.1186/s13007-015-0053-y,13007_2015_53_MOESM1_ESM.csv
Oryza sativa,osa,SL1|Os01g0129200,stl1.1|STAMENLESS 1,Os01g0129200,"a mutant floret has degenerated lemma and palea, so that they fail to enclose the stamens and pistil. The mutant does not produce normal stamens and is thus male sterile. Usually, one floret forms one caryopsis. Although mutant is male sterile, it can produce seeds when pollinated with pollen from wild type plants. In that case one or two naked seeds can be formed in a single floret. So, the mutant is female fertile. In general, a mutant floret contains many pistils but no stamens, indicating that the stamens are transformed to pistils. In some mutant florets, pistilloid stamens containing a filament tipped by malformed tissue and deformed stigma or one to three stigmas were observed. In the cross section of a wild type floret six filaments representing the six stamens and an ovary representing the pistil in the middle can be seen clearly, while in a mutant floret, some filaments and some pistilloid tissues, e.g., the ovary-like or malformed tissues are observed. The pistilloid tissues are counterparts of the wild type stamens. In the longitudinal section of a mutant floret, three ovaries can be seen clearly. ",,"Oellrich, Walls et al., 2015",https://plantmethods.biomedcentral.com/articles/10.1186/s13007-015-0053-y,13007_2015_53_MOESM1_ESM.csv
Zea mays ssp mays,zma,d9|GRMZM2G024973,D9-N2319|dwarf plant9,GRMZM2G024973,A small or dwarf plant but  less extreme than dwarf; may have broad leaves and compact heavy tassel,,"Oellrich, Walls et al., 2015",https://plantmethods.biomedcentral.com/articles/10.1186/s13007-015-0053-y,13007_2015_53_MOESM1_ESM.csv
Zea mays ssp mays,zma,d9|GRMZM2G024973,D9-N2319|dwarf plant9,GRMZM2G024973,A small or dwarf plant but  less extreme than dwarf; may have broad leaves and compact heavy tassel,,"Oellrich, Walls et al., 2015",https://plantmethods.biomedcentral.com/articles/10.1186/s13007-015-0053-y,13007_2015_53_MOESM1_ESM.csv
Zea mays ssp mays,zma,d9|GRMZM2G024973,D9-N2319|dwarf plant9,GRMZM2G024973,A small or dwarf plant but  less extreme than dwarf; may have broad leaves and compact heavy tassel,,"Oellrich, Walls et al., 2015",https://plantmethods.biomedcentral.com/articles/10.1186/s13007-015-0053-y,13007_2015_53_MOESM1_ESM.csv
Zea mays ssp mays,zma,d8|GRMZM2G144744,D8-Mpl|dwarf plant8,GRMZM2G144744,A small or dwarf plant but  less extreme than dwarf; may have broad leaves and compact heavy tassel,,"Oellrich, Walls et al., 2015",https://plantmethods.biomedcentral.com/articles/10.1186/s13007-015-0053-y,13007_2015_53_MOESM1_ESM.csv
Zea mays ssp mays,zma,d8|GRMZM2G144744,D8-Mpl|dwarf plant8,GRMZM2G144744,A small or dwarf plant but  less extreme than dwarf; may have broad leaves and compact heavy tassel,,"Oellrich, Walls et al., 2015",https://plantmethods.biomedcentral.com/articles/10.1186/s13007-015-0053-y,13007_2015_53_MOESM1_ESM.csv
Zea mays ssp mays,zma,d8|GRMZM2G144744,D8-Mpl|dwarf plant8,GRMZM2G144744,A small or dwarf plant but  less extreme than dwarf; may have broad leaves and compact heavy tassel,,"Oellrich, Walls et al., 2015",https://plantmethods.biomedcentral.com/articles/10.1186/s13007-015-0053-y,13007_2015_53_MOESM1_ESM.csv
Oryza sativa,osa,D1|Os05g0333200,D1.1|DAIKOKU DWARF,Os05g0333200,"A typical small grain dwarf type with short and stout stems, short, sinuate but broad leaves with dark green color, erect and compact panicles and small, round floral glumes. Internodes are thick and sometimes the second internode does not elongate.",,"Oellrich, Walls et al., 2015",https://plantmethods.biomedcentral.com/articles/10.1186/s13007-015-0053-y,13007_2015_53_MOESM1_ESM.csv
Oryza sativa,osa,D1|Os05g0333200,D1.1|DAIKOKU DWARF,Os05g0333200,"A typical small grain dwarf type with short and stout stems, short, sinuate but broad leaves with dark green color, erect and compact panicles and small, round floral glumes. Internodes are thick and sometimes the second internode does not elongate.",,"Oellrich, Walls et al., 2015",https://plantmethods.biomedcentral.com/articles/10.1186/s13007-015-0053-y,13007_2015_53_MOESM1_ESM.csv
Oryza sativa,osa,D1|Os05g0333200,D1.1|DAIKOKU DWARF,Os05g0333200,"A typical small grain dwarf type with short and stout stems, short, sinuate but broad leaves with dark green color, erect and compact panicles and small, round floral glumes. Internodes are thick and sometimes the second internode does not elongate.",,"Oellrich, Walls et al., 2015",https://plantmethods.biomedcentral.com/articles/10.1186/s13007-015-0053-y,13007_2015_53_MOESM1_ESM.csv
Oryza sativa,osa,D1|Os05g0333200,D1.1|DAIKOKU DWARF,Os05g0333200,"A typical small grain dwarf type with short and stout stems, short, sinuate but broad leaves with dark green color, erect and compact panicles and small, round floral glumes. Internodes are thick and sometimes the second internode does not elongate.",,"Oellrich, Walls et al., 2015",https://plantmethods.biomedcentral.com/articles/10.1186/s13007-015-0053-y,13007_2015_53_MOESM1_ESM.csv
Oryza sativa,osa,D1|Os05g0333200,D1.1|DAIKOKU DWARF,Os05g0333200,"A typical small grain dwarf type with short and stout stems, short, sinuate but broad leaves with dark green color, erect and compact panicles and small, round floral glumes. Internodes are thick and sometimes the second internode does not elongate.",,"Oellrich, Walls et al., 2015",https://plantmethods.biomedcentral.com/articles/10.1186/s13007-015-0053-y,13007_2015_53_MOESM1_ESM.csv
Oryza sativa,osa,D1|Os05g0333200,D1.1|DAIKOKU DWARF,Os05g0333200,"A typical small grain dwarf type with short and stout stems, short, sinuate but broad leaves with dark green color, erect and compact panicles and small, round floral glumes. Internodes are thick and sometimes the second internode does not elongate.",,"Oellrich, Walls et al., 2015",https://plantmethods.biomedcentral.com/articles/10.1186/s13007-015-0053-y,13007_2015_53_MOESM1_ESM.csv
Oryza sativa,osa,D1|Os05g0333200,D1.1|DAIKOKU DWARF,Os05g0333200,"A typical small grain dwarf type with short and stout stems, short, sinuate but broad leaves with dark green color, erect and compact panicles and small, round floral glumes. Internodes are thick and sometimes the second internode does not elongate.",,"Oellrich, Walls et al., 2015",https://plantmethods.biomedcentral.com/articles/10.1186/s13007-015-0053-y,13007_2015_53_MOESM1_ESM.csv
Oryza sativa,osa,D1|Os05g0333200,D1.1|DAIKOKU DWARF,Os05g0333200,"A typical small grain dwarf type with short and stout stems, short, sinuate but broad leaves with dark green color, erect and compact panicles and small, round floral glumes. Internodes are thick and sometimes the second internode does not elongate.",,"Oellrich, Walls et al., 2015",https://plantmethods.biomedcentral.com/articles/10.1186/s13007-015-0053-y,13007_2015_53_MOESM1_ESM.csv
Oryza sativa,osa,D1|Os05g0333200,D1.1|DAIKOKU DWARF,Os05g0333200,"A typical small grain dwarf type with short and stout stems, short, sinuate but broad leaves with dark green color, erect and compact panicles and small, round floral glumes. Internodes are thick and sometimes the second internode does not elongate.",,"Oellrich, Walls et al., 2015",https://plantmethods.biomedcentral.com/articles/10.1186/s13007-015-0053-y,13007_2015_53_MOESM1_ESM.csv
Oryza sativa,osa,D1|Os05g0333200,D1.1|DAIKOKU DWARF,Os05g0333200,"A typical small grain dwarf type with short and stout stems, short, sinuate but broad leaves with dark green color, erect and compact panicles and small, round floral glumes. Internodes are thick and sometimes the second internode does not elongate.",,"Oellrich, Walls et al., 2015",https://plantmethods.biomedcentral.com/articles/10.1186/s13007-015-0053-y,13007_2015_53_MOESM1_ESM.csv
Oryza sativa,osa,D1|Os05g0333200,D1.1|DAIKOKU DWARF,Os05g0333200,"A typical small grain dwarf type with short and stout stems, short, sinuate but broad leaves with dark green color, erect and compact panicles and small, round floral glumes. Internodes are thick and sometimes the second internode does not elongate.",,"Oellrich, Walls et al., 2015",https://plantmethods.biomedcentral.com/articles/10.1186/s13007-015-0053-y,13007_2015_53_MOESM1_ESM.csv
Arabidopsis thaliana,ath,LeuC1|At4g13430,,At4g13430,Abnormal aliphatic glucosinolate composition; Elevated levels of intermediates of leucine biosynthesis and methionine chain elongation,,"Oellrich, Walls et al., 2015",https://plantmethods.biomedcentral.com/articles/10.1186/s13007-015-0053-y,13007_2015_53_MOESM1_ESM.csv
Arabidopsis thaliana,ath,LeuC1|At4g13430,,At4g13430,Abnormal aliphatic glucosinolate composition; Elevated levels of intermediates of leucine biosynthesis and methionine chain elongation,,"Oellrich, Walls et al., 2015",https://plantmethods.biomedcentral.com/articles/10.1186/s13007-015-0053-y,13007_2015_53_MOESM1_ESM.csv
Arabidopsis thaliana,ath,LeuC1|At4g13430,,At4g13430,Abnormal aliphatic glucosinolate composition; Elevated levels of intermediates of leucine biosynthesis and methionine chain elongation,,"Oellrich, Walls et al., 2015",https://plantmethods.biomedcentral.com/articles/10.1186/s13007-015-0053-y,13007_2015_53_MOESM1_ESM.csv
Arabidopsis thaliana,ath,SBE2.1|At2g36390,Starch Branching Enzyme,At2g36390,Abnormal amylopectin structure,,"Oellrich, Walls et al., 2015",https://plantmethods.biomedcentral.com/articles/10.1186/s13007-015-0053-y,13007_2015_53_MOESM1_ESM.csv
Arabidopsis thaliana,ath,RWP1|At5g41040,,At5g41040,Abnormal aromatic suberin biosynthesis,,"Oellrich, Walls et al., 2015",https://plantmethods.biomedcentral.com/articles/10.1186/s13007-015-0053-y,13007_2015_53_MOESM1_ESM.csv
Arabidopsis thaliana,ath,CYP97A3|At1g31800,Cytochrome P450-Type Monooxygenase,At1g31800,Abnormal carotenoid levels,,"Oellrich, Walls et al., 2015",https://plantmethods.biomedcentral.com/articles/10.1186/s13007-015-0053-y,13007_2015_53_MOESM1_ESM.csv
Arabidopsis thaliana,ath,CRC|At1g69180,Crabs Claw,At1g69180,Abnormal carpel development,,"Oellrich, Walls et al., 2015",https://plantmethods.biomedcentral.com/articles/10.1186/s13007-015-0053-y,13007_2015_53_MOESM1_ESM.csv
Arabidopsis thaliana,ath,SPT|At4g36930,Spatula,At4g36930,Abnormal carpel development,,"Oellrich, Walls et al., 2015",https://plantmethods.biomedcentral.com/articles/10.1186/s13007-015-0053-y,13007_2015_53_MOESM1_ESM.csv
Arabidopsis thaliana,ath,COB|At5g60920,Cobra,At5g60920,Abnormal cell expansion orientation; Reduced crystalline cellulose in root,,"Oellrich, Walls et al., 2015",https://plantmethods.biomedcentral.com/articles/10.1186/s13007-015-0053-y,13007_2015_53_MOESM1_ESM.csv
Arabidopsis thaliana,ath,COB|At5g60920,Cobra,At5g60920,Abnormal cell expansion orientation; Reduced crystalline cellulose in root,,"Oellrich, Walls et al., 2015",https://plantmethods.biomedcentral.com/articles/10.1186/s13007-015-0053-y,13007_2015_53_MOESM1_ESM.csv
Arabidopsis thaliana,ath,ARAD1|At2g35100,Arabinan Deficient,At2g35100,Abnormal cell wall composition; Low arabinose levels,,"Oellrich, Walls et al., 2015",https://plantmethods.biomedcentral.com/articles/10.1186/s13007-015-0053-y,13007_2015_53_MOESM1_ESM.csv
Arabidopsis thaliana,ath,ARAD1|At2g35100,Arabinan Deficient,At2g35100,Abnormal cell wall composition; Low arabinose levels,,"Oellrich, Walls et al., 2015",https://plantmethods.biomedcentral.com/articles/10.1186/s13007-015-0053-y,13007_2015_53_MOESM1_ESM.csv
Arabidopsis thaliana,ath,PMI1|At1g42550,Plastid Movement Impaired,At1g42550,Abnormal chloroplast movement under a variety of light fluence rates,,"Oellrich, Walls et al., 2015",https://plantmethods.biomedcentral.com/articles/10.1186/s13007-015-0053-y,13007_2015_53_MOESM1_ESM.csv
Arabidopsis thaliana,ath,JAC1|At1g75100,J-Domain Protein Required for Chloroplast Accumulation Response,At1g75100,Abnormal chloroplast movement under weak blue light and in the dark,,"Oellrich, Walls et al., 2015",https://plantmethods.biomedcentral.com/articles/10.1186/s13007-015-0053-y,13007_2015_53_MOESM1_ESM.csv
Arabidopsis thaliana,ath,JAC1|At1g75100,J-Domain Protein Required for Chloroplast Accumulation Response,At1g75100,Abnormal chloroplast movement under weak blue light and in the dark,,"Oellrich, Walls et al., 2015",https://plantmethods.biomedcentral.com/articles/10.1186/s13007-015-0053-y,13007_2015_53_MOESM1_ESM.csv
Arabidopsis thaliana,ath,CHUP1|At3g25690,Chloroplast Unusual Positioning,At3g25690,Abnormal chloroplast positioning,,"Oellrich, Walls et al., 2015",https://plantmethods.biomedcentral.com/articles/10.1186/s13007-015-0053-y,13007_2015_53_MOESM1_ESM.csv
Arabidopsis thaliana,ath,PCL1|At3g46640,Phytoclock,At3g46640,Abnormal circadian rhythms,,"Oellrich, Walls et al., 2015",https://plantmethods.biomedcentral.com/articles/10.1186/s13007-015-0053-y,13007_2015_53_MOESM1_ESM.csv
Arabidopsis thaliana,ath,ZTL|At5g57360,Zeitlupe,At5g57360,Abnormal circadian rhythms,,"Oellrich, Walls et al., 2015",https://plantmethods.biomedcentral.com/articles/10.1186/s13007-015-0053-y,13007_2015_53_MOESM1_ESM.csv
Arabidopsis thaliana,ath,JMJ30|At3g20810,Jumonji Domain Containing,At3g20810,Abnormal circadian rhythms in leaf movements,,"Oellrich, Walls et al., 2015",https://plantmethods.biomedcentral.com/articles/10.1186/s13007-015-0053-y,13007_2015_53_MOESM1_ESM.csv
Arabidopsis thaliana,ath,RHM1|At1g78570,Rhamnose Biosynthesis,At1g78570,Abnormal cotyledon growth; Slightly shorter roots and root hairs; Deformed trichomes,,"Oellrich, Walls et al., 2015",https://plantmethods.biomedcentral.com/articles/10.1186/s13007-015-0053-y,13007_2015_53_MOESM1_ESM.csv
Arabidopsis thaliana,ath,RHM1|At1g78570,Rhamnose Biosynthesis,At1g78570,Abnormal cotyledon growth; Slightly shorter roots and root hairs; Deformed trichomes,,"Oellrich, Walls et al., 2015",https://plantmethods.biomedcentral.com/articles/10.1186/s13007-015-0053-y,13007_2015_53_MOESM1_ESM.csv
Arabidopsis thaliana,ath,RHM1|At1g78570,Rhamnose Biosynthesis,At1g78570,Abnormal cotyledon growth; Slightly shorter roots and root hairs; Deformed trichomes,,"Oellrich, Walls et al., 2015",https://plantmethods.biomedcentral.com/articles/10.1186/s13007-015-0053-y,13007_2015_53_MOESM1_ESM.csv
Arabidopsis thaliana,ath,RHM1|At1g78570,Rhamnose Biosynthesis,At1g78570,Abnormal cotyledon growth; Slightly shorter roots and root hairs; Deformed trichomes,,"Oellrich, Walls et al., 2015",https://plantmethods.biomedcentral.com/articles/10.1186/s13007-015-0053-y,13007_2015_53_MOESM1_ESM.csv
Arabidopsis thaliana,ath,AVP1|At1g15690,Arabidopsis V-PPase,At1g15690,Abnormal cotyledon morphology; Small rosette; Thick leaves with uneven margins; Thick roots; Collapsed root tip; High penetrance of complete loss of flowering; Complete loss of flower formation; Sterile; Disorganized vascular patterning,,"Oellrich, Walls et al., 2015",https://plantmethods.biomedcentral.com/articles/10.1186/s13007-015-0053-y,13007_2015_53_MOESM1_ESM.csv
Arabidopsis thaliana,ath,AVP1|At1g15690,Arabidopsis V-PPase,At1g15690,Abnormal cotyledon morphology; Small rosette; Thick leaves with uneven margins; Thick roots; Collapsed root tip; High penetrance of complete loss of flowering; Complete loss of flower formation; Sterile; Disorganized vascular patterning,,"Oellrich, Walls et al., 2015",https://plantmethods.biomedcentral.com/articles/10.1186/s13007-015-0053-y,13007_2015_53_MOESM1_ESM.csv
Arabidopsis thaliana,ath,AVP1|At1g15690,Arabidopsis V-PPase,At1g15690,Abnormal cotyledon morphology; Small rosette; Thick leaves with uneven margins; Thick roots; Collapsed root tip; High penetrance of complete loss of flowering; Complete loss of flower formation; Sterile; Disorganized vascular patterning,,"Oellrich, Walls et al., 2015",https://plantmethods.biomedcentral.com/articles/10.1186/s13007-015-0053-y,13007_2015_53_MOESM1_ESM.csv
Arabidopsis thaliana,ath,AVP1|At1g15690,Arabidopsis V-PPase,At1g15690,Abnormal cotyledon morphology; Small rosette; Thick leaves with uneven margins; Thick roots; Collapsed root tip; High penetrance of complete loss of flowering; Complete loss of flower formation; Sterile; Disorganized vascular patterning,,"Oellrich, Walls et al., 2015",https://plantmethods.biomedcentral.com/articles/10.1186/s13007-015-0053-y,13007_2015_53_MOESM1_ESM.csv
Arabidopsis thaliana,ath,AVP1|At1g15690,Arabidopsis V-PPase,At1g15690,Abnormal cotyledon morphology; Small rosette; Thick leaves with uneven margins; Thick roots; Collapsed root tip; High penetrance of complete loss of flowering; Complete loss of flower formation; Sterile; Disorganized vascular patterning,,"Oellrich, Walls et al., 2015",https://plantmethods.biomedcentral.com/articles/10.1186/s13007-015-0053-y,13007_2015_53_MOESM1_ESM.csv
Arabidopsis thaliana,ath,AVP1|At1g15690,Arabidopsis V-PPase,At1g15690,Abnormal cotyledon morphology; Small rosette; Thick leaves with uneven margins; Thick roots; Collapsed root tip; High penetrance of complete loss of flowering; Complete loss of flower formation; Sterile; Disorganized vascular patterning,,"Oellrich, Walls et al., 2015",https://plantmethods.biomedcentral.com/articles/10.1186/s13007-015-0053-y,13007_2015_53_MOESM1_ESM.csv
Arabidopsis thaliana,ath,AVP1|At1g15690,Arabidopsis V-PPase,At1g15690,Abnormal cotyledon morphology; Small rosette; Thick leaves with uneven margins; Thick roots; Collapsed root tip; High penetrance of complete loss of flowering; Complete loss of flower formation; Sterile; Disorganized vascular patterning,,"Oellrich, Walls et al., 2015",https://plantmethods.biomedcentral.com/articles/10.1186/s13007-015-0053-y,13007_2015_53_MOESM1_ESM.csv
Arabidopsis thaliana,ath,AVP1|At1g15690,Arabidopsis V-PPase,At1g15690,Abnormal cotyledon morphology; Small rosette; Thick leaves with uneven margins; Thick roots; Collapsed root tip; High penetrance of complete loss of flowering; Complete loss of flower formation; Sterile; Disorganized vascular patterning,,"Oellrich, Walls et al., 2015",https://plantmethods.biomedcentral.com/articles/10.1186/s13007-015-0053-y,13007_2015_53_MOESM1_ESM.csv
Arabidopsis thaliana,ath,AVP1|At1g15690,Arabidopsis V-PPase,At1g15690,Abnormal cotyledon morphology; Small rosette; Thick leaves with uneven margins; Thick roots; Collapsed root tip; High penetrance of complete loss of flowering; Complete loss of flower formation; Sterile; Disorganized vascular patterning,,"Oellrich, Walls et al., 2015",https://plantmethods.biomedcentral.com/articles/10.1186/s13007-015-0053-y,13007_2015_53_MOESM1_ESM.csv
Arabidopsis thaliana,ath,AVP1|At1g15690,Arabidopsis V-PPase,At1g15690,Abnormal cotyledon morphology; Small rosette; Thick leaves with uneven margins; Thick roots; Collapsed root tip; High penetrance of complete loss of flowering; Complete loss of flower formation; Sterile; Disorganized vascular patterning,,"Oellrich, Walls et al., 2015",https://plantmethods.biomedcentral.com/articles/10.1186/s13007-015-0053-y,13007_2015_53_MOESM1_ESM.csv
Arabidopsis thaliana,ath,FKD1|At3g63300,Forked,At3g63300,Abnormal cotyledon vascular patterning; No other phenotypes detected,,"Oellrich, Walls et al., 2015",https://plantmethods.biomedcentral.com/articles/10.1186/s13007-015-0053-y,13007_2015_53_MOESM1_ESM.csv
Arabidopsis thaliana,ath,TRN1|At5g55540,Tornado,At5g55540,Abnormal division and positioning of lateral root cap,,"Oellrich, Walls et al., 2015",https://plantmethods.biomedcentral.com/articles/10.1186/s13007-015-0053-y,13007_2015_53_MOESM1_ESM.csv
Arabidopsis thaliana,ath,TRN1|At5g55540,Tornado,At5g55540,Abnormal division and positioning of lateral root cap,,"Oellrich, Walls et al., 2015",https://plantmethods.biomedcentral.com/articles/10.1186/s13007-015-0053-y,13007_2015_53_MOESM1_ESM.csv
Arabidopsis thaliana,ath,DMS3|At3g49250,Defective in Meristem Silencing,At3g49250,Abnormal DNA methylation,,"Oellrich, Walls et al., 2015",https://plantmethods.biomedcentral.com/articles/10.1186/s13007-015-0053-y,13007_2015_53_MOESM1_ESM.csv
Oryza sativa,osa,WAF1|Os07g0164000,Wavy Leaf,Os07g0164000,Abnormal embryo development; Incomplete penetrance of seedling lethality; Abnormal leaf morphology; Short roots; Few lateral roots; Short panicle; Elongated bracts; Abnormal spikelet morphology; Reduced floral organ number; Sterile,,"Oellrich, Walls et al., 2015",https://plantmethods.biomedcentral.com/articles/10.1186/s13007-015-0053-y,13007_2015_53_MOESM1_ESM.csv
Oryza sativa,osa,WAF1|Os07g0164000,Wavy Leaf,Os07g0164000,Abnormal embryo development; Incomplete penetrance of seedling lethality; Abnormal leaf morphology; Short roots; Few lateral roots; Short panicle; Elongated bracts; Abnormal spikelet morphology; Reduced floral organ number; Sterile,,"Oellrich, Walls et al., 2015",https://plantmethods.biomedcentral.com/articles/10.1186/s13007-015-0053-y,13007_2015_53_MOESM1_ESM.csv
Oryza sativa,osa,WAF1|Os07g0164000,Wavy Leaf,Os07g0164000,Abnormal embryo development; Incomplete penetrance of seedling lethality; Abnormal leaf morphology; Short roots; Few lateral roots; Short panicle; Elongated bracts; Abnormal spikelet morphology; Reduced floral organ number; Sterile,,"Oellrich, Walls et al., 2015",https://plantmethods.biomedcentral.com/articles/10.1186/s13007-015-0053-y,13007_2015_53_MOESM1_ESM.csv
Oryza sativa,osa,WAF1|Os07g0164000,Wavy Leaf,Os07g0164000,Abnormal embryo development; Incomplete penetrance of seedling lethality; Abnormal leaf morphology; Short roots; Few lateral roots; Short panicle; Elongated bracts; Abnormal spikelet morphology; Reduced floral organ number; Sterile,,"Oellrich, Walls et al., 2015",https://plantmethods.biomedcentral.com/articles/10.1186/s13007-015-0053-y,13007_2015_53_MOESM1_ESM.csv
Oryza sativa,osa,WAF1|Os07g0164000,Wavy Leaf,Os07g0164000,Abnormal embryo development; Incomplete penetrance of seedling lethality; Abnormal leaf morphology; Short roots; Few lateral roots; Short panicle; Elongated bracts; Abnormal spikelet morphology; Reduced floral organ number; Sterile,,"Oellrich, Walls et al., 2015",https://plantmethods.biomedcentral.com/articles/10.1186/s13007-015-0053-y,13007_2015_53_MOESM1_ESM.csv
Oryza sativa,osa,WAF1|Os07g0164000,Wavy Leaf,Os07g0164000,Abnormal embryo development; Incomplete penetrance of seedling lethality; Abnormal leaf morphology; Short roots; Few lateral roots; Short panicle; Elongated bracts; Abnormal spikelet morphology; Reduced floral organ number; Sterile,,"Oellrich, Walls et al., 2015",https://plantmethods.biomedcentral.com/articles/10.1186/s13007-015-0053-y,13007_2015_53_MOESM1_ESM.csv
Oryza sativa,osa,WAF1|Os07g0164000,Wavy Leaf,Os07g0164000,Abnormal embryo development; Incomplete penetrance of seedling lethality; Abnormal leaf morphology; Short roots; Few lateral roots; Short panicle; Elongated bracts; Abnormal spikelet morphology; Reduced floral organ number; Sterile,,"Oellrich, Walls et al., 2015",https://plantmethods.biomedcentral.com/articles/10.1186/s13007-015-0053-y,13007_2015_53_MOESM1_ESM.csv
Oryza sativa,osa,WAF1|Os07g0164000,Wavy Leaf,Os07g0164000,Abnormal embryo development; Incomplete penetrance of seedling lethality; Abnormal leaf morphology; Short roots; Few lateral roots; Short panicle; Elongated bracts; Abnormal spikelet morphology; Reduced floral organ number; Sterile,,"Oellrich, Walls et al., 2015",https://plantmethods.biomedcentral.com/articles/10.1186/s13007-015-0053-y,13007_2015_53_MOESM1_ESM.csv
Oryza sativa,osa,WAF1|Os07g0164000,Wavy Leaf,Os07g0164000,Abnormal embryo development; Incomplete penetrance of seedling lethality; Abnormal leaf morphology; Short roots; Few lateral roots; Short panicle; Elongated bracts; Abnormal spikelet morphology; Reduced floral organ number; Sterile,,"Oellrich, Walls et al., 2015",https://plantmethods.biomedcentral.com/articles/10.1186/s13007-015-0053-y,13007_2015_53_MOESM1_ESM.csv
Oryza sativa,osa,WAF1|Os07g0164000,Wavy Leaf,Os07g0164000,Abnormal embryo development; Incomplete penetrance of seedling lethality; Abnormal leaf morphology; Short roots; Few lateral roots; Short panicle; Elongated bracts; Abnormal spikelet morphology; Reduced floral organ number; Sterile,,"Oellrich, Walls et al., 2015",https://plantmethods.biomedcentral.com/articles/10.1186/s13007-015-0053-y,13007_2015_53_MOESM1_ESM.csv
Arabidopsis thaliana,ath,FAD3|At2g29980,Fatty Acid Desaturase,At2g29980,Abnormal fatty acid composition,,"Oellrich, Walls et al., 2015",https://plantmethods.biomedcentral.com/articles/10.1186/s13007-015-0053-y,13007_2015_53_MOESM1_ESM.csv
Arabidopsis thaliana,ath,CYP86B1|At5g23190,Cytochrome P450,At5g23190,Abnormal fatty acid composition,,"Oellrich, Walls et al., 2015",https://plantmethods.biomedcentral.com/articles/10.1186/s13007-015-0053-y,13007_2015_53_MOESM1_ESM.csv
Arabidopsis thaliana,ath,FAD4|At4g27030,Fatty Acid Desaturase,At4g27030,Abnormal fatty acid composition; Elevated palmitic acid levels,,"Oellrich, Walls et al., 2015",https://plantmethods.biomedcentral.com/articles/10.1186/s13007-015-0053-y,13007_2015_53_MOESM1_ESM.csv
Arabidopsis thaliana,ath,FAD4|At4g27030,Fatty Acid Desaturase,At4g27030,Abnormal fatty acid composition; Elevated palmitic acid levels,,"Oellrich, Walls et al., 2015",https://plantmethods.biomedcentral.com/articles/10.1186/s13007-015-0053-y,13007_2015_53_MOESM1_ESM.csv
Arabidopsis thaliana,ath,At1g10310,,At1g10310,Abnormal fatty acid levels,,"Oellrich, Walls et al., 2015",https://plantmethods.biomedcentral.com/articles/10.1186/s13007-015-0053-y,13007_2015_53_MOESM1_ESM.csv
Arabidopsis thaliana,ath,ANT|At4g37750,Aintegumenta,At4g37750,Abnormal flower and ovule development,,"Oellrich, Walls et al., 2015",https://plantmethods.biomedcentral.com/articles/10.1186/s13007-015-0053-y,13007_2015_53_MOESM1_ESM.csv
Arabidopsis thaliana,ath,ANT|At4g37750,Aintegumenta,At4g37750,Abnormal flower and ovule development,,"Oellrich, Walls et al., 2015",https://plantmethods.biomedcentral.com/articles/10.1186/s13007-015-0053-y,13007_2015_53_MOESM1_ESM.csv
Arabidopsis thaliana,ath,PRS|At2g28610,Pressed Flower,At2g28610,Abnormal flower morphology,,"Oellrich, Walls et al., 2015",https://plantmethods.biomedcentral.com/articles/10.1186/s13007-015-0053-y,13007_2015_53_MOESM1_ESM.csv
Arabidopsis thaliana,ath,ETT|At2g33860,Ettin,At2g33860,Abnormal flower morphology,,"Oellrich, Walls et al., 2015",https://plantmethods.biomedcentral.com/articles/10.1186/s13007-015-0053-y,13007_2015_53_MOESM1_ESM.csv
Arabidopsis thaliana,ath,TSL|At5g20930,Tousled,At5g20930,Abnormal flower morphology,,"Oellrich, Walls et al., 2015",https://plantmethods.biomedcentral.com/articles/10.1186/s13007-015-0053-y,13007_2015_53_MOESM1_ESM.csv
Arabidopsis thaliana,ath,SAP|At5g35770,Sterile Apetala,At5g35770,Abnormal flower morphology,,"Oellrich, Walls et al., 2015",https://plantmethods.biomedcentral.com/articles/10.1186/s13007-015-0053-y,13007_2015_53_MOESM1_ESM.csv
Arabidopsis thaliana,ath,OLEO2|At5g40420,Oleosin-deficient mutant,At5g40420,Abnormal germination; Large oil bodies ,,"Oellrich, Walls et al., 2015",https://plantmethods.biomedcentral.com/articles/10.1186/s13007-015-0053-y,13007_2015_53_MOESM1_ESM.csv
