_gene_id	species_name	species_code	unique_gene_identifiers	other_gene_identifiers	gene_models	annotations_nc	text_unprocessed	text_tokenized_sents	text_tokenized_words	text_tokenized_stems	reference_name	reference_link	reference_file
0	Zea mays ssp mays	zma	ns1|ns1-R|uniprot=Q70UV1|ncbi=...	HB-type transcriptio...	GRMZM2G069028|Zm00001d004889	PATO:0000077|PO:0009047|GO:0009739	 Plants (stems) do not elongate in response to gibberellins.	[SENT]  Plants (stems) do not elongate in response to gibberellins.	[SENT] Plants ( stems ) do not elongate in response to gibberellins .	[SENT] plant stem elong respons gibberellin	Oellrich, Walls et al., 2015	https://plantmethods.biomedcentral.com/articles/10.1186/s13007-015-0053-y	13007_2015_53_MOESM1_ESM.csv
0	Zea mays ssp mays	zma	ns1|ns1-R|uniprot=Q70UV1|ncbi=...	HB-type transcriptio...	GRMZM2G069028|Zm00001d004889	PATO:0001446|PATO:0000461|PATO:0000599|PATO:0000573|PATO:000...	The margin domain of both blade and sheath is missing, thus leaves are very narrow along their whole...	[SENT] The margin domain of both blade and sheath is missing, thus leaves are very narrow along thei...	[SENT] The margin domain of both blade and sheath is missing , thus leaves are very narrow along the...	[SENT] margin domain blade sheath miss leav narrow length [SENT] leav long normal sib	Oellrich, Walls et al., 2015	https://plantmethods.biomedcentral.com/articles/10.1186/s13007-015-0053-y	13007_2015_53_MOESM1_ESM.csv
0	Zea mays ssp mays	zma	ns1|ns1-R|uniprot=Q70UV1|ncbi=...	HB-type transcriptio...	GRMZM2G069028|Zm00001d004889	PATO:0001555|PATO:0001997|PATO:0002364|PATO:0000119|PATO:000...	 Plants are reduced in height due to extremely shortened internodes but have normal size and number ...	[SENT]  Plants are reduced in height due to extremely shortened internodes but have normal size and ...	[SENT] Plants are reduced in height due to extremely shortened internodes but have normal size and n...	[SENT] plant reduc height extrem shorten internod normal size number leav ear tassel [SENT] plant el...	Oellrich, Walls et al., 2015	https://plantmethods.biomedcentral.com/articles/10.1186/s13007-015-0053-y	13007_2015_53_MOESM1_ESM.csv
0	Zea mays ssp mays	zma	ns1|ns1-R|uniprot=Q70UV1|ncbi=...	HB-type transcriptio...	GRMZM2G069028|Zm00001d004889	PATO:0001997|PATO:0000587|GO:0033269	 internode elongation reduced	[SENT]  internode elongation reduced	[SENT] internode elongation reduced	[SENT] internod elong reduc	Oellrich, Walls et al., 2015	https://plantmethods.biomedcentral.com/articles/10.1186/s13007-015-0053-y	13007_2015_53_MOESM1_ESM.csv
0	Zea mays ssp mays	zma	ns1|ns1-R|uniprot=Q70UV1|ncbi=...	HB-type transcriptio...	GRMZM2G069028|Zm00001d004889		The plant is shorter	[SENT] The plant is shorter	[SENT] The plant is shorter	[SENT] plant shorter	Oellrich, Walls et al., 2015	https://plantmethods.biomedcentral.com/articles/10.1186/s13007-015-0053-y	13007_2015_53_MOESM1_ESM.csv
0	Zea mays ssp mays	zma	ns1|ns1-R|uniprot=Q70UV1|ncbi=...	HB-type transcriptio...	GRMZM2G069028|Zm00001d004889	PATO:0001446|PATO:0000599|PATO:0000122	leaves are very narrow along their whole length	[SENT] leaves are very narrow along their whole length	[SENT] leaves are very narrow along their whole length	[SENT] leav narrow length	Oellrich, Walls et al., 2015	https://plantmethods.biomedcentral.com/articles/10.1186/s13007-015-0053-y	13007_2015_53_MOESM1_ESM.csv
0	Zea mays ssp mays	zma	ns1|ns1-R|uniprot=Q70UV1|ncbi=...	HB-type transcriptio...	GRMZM2G069028|Zm00001d004889	GO:0033269	The plant is shorter, due to less internode elongation	[SENT] The plant is shorter, due to less internode elongation	[SENT] The plant is shorter , due to less internode elongation	[SENT] plant shorter internod elong	Oellrich, Walls et al., 2015	https://plantmethods.biomedcentral.com/articles/10.1186/s13007-015-0053-y	13007_2015_53_MOESM1_ESM.csv
0	maize	zma	ns1|ns1-R|uniprot=Q70UV1|ncbi=...	HB-type transcriptio...	GRMZM2G069028|Zm00001d004889	PATO:0001555|PATO:0001997|PATO:0002364|PATO:0000119|PATO:000...	brachytic plant; Plants are reduced in height due to extremely shortened internodes but have normal ...	[SENT] brachytic plant. [SENT] Plants are reduced in height due to extremely shortened internodes bu...	[SENT] brachytic plant . [SENT] Plants are reduced in height due to extremely shortened internodes b...	[SENT] brachyt plant [SENT] plant reduc height extrem shorten internod normal size number leav ear t...	MaizeGDB	https://www.maizegdb.org/	pheno_genes.txt
0	maize	zma	ns1|ns1-R|uniprot=Q70UV1|ncbi=...	HB-type transcriptio...	GRMZM2G069028|Zm00001d004889	PATO:0000622|PATO:0001545|PATO:0000569|PATO:0000077|PATO:000...	brachytic plant; short internodes, stiff erect leaves, short plant; no response to gibberellins	[SENT] brachytic plant. [SENT] short internodes, stiff erect leaves, short plant. [SENT] no response...	[SENT] brachytic plant . [SENT] short internodes , stiff erect leaves , short plant . [SENT] no resp...	[SENT] brachyt plant [SENT] short internod stiff erect leav short plant [SENT] respons gibberellin	MaizeGDB	https://www.maizegdb.org/	pheno_genes.txt
0	maize	zma	ns1|ns1-R|uniprot=Q70UV1|ncbi=...	HB-type transcriptio...	GRMZM2G069028|Zm00001d004889	PATO:0002425|PATO:0001646	exposed ears	[SENT] exposed ears	[SENT] exposed ears	[SENT] expos ear	MaizeGDB	https://www.maizegdb.org/	pheno_genes.txt
0	maize	zma	ns1|ns1-R|uniprot=Q70UV1|ncbi=...	HB-type transcriptio...	GRMZM2G069028|Zm00001d004889		husks narrowed	[SENT] husks narrowed	[SENT] husks narrowed	[SENT] husk narrow	MaizeGDB	https://www.maizegdb.org/	pheno_genes.txt
0	maize	zma	ns1|ns1-R|uniprot=Q70UV1|ncbi=...	HB-type transcriptio...	GRMZM2G069028|Zm00001d004889	PATO:0000599	narrow sheath	[SENT] narrow sheath	[SENT] narrow sheath	[SENT] narrow sheath	MaizeGDB	https://www.maizegdb.org/	pheno_genes.txt
0	maize	zma	ns1|ns1-R|uniprot=Q70UV1|ncbi=...	HB-type transcriptio...	GRMZM2G069028|Zm00001d004889	PATO:0000574|PATO:0002364|GO:0033269	shortened internodes	[SENT] shortened internodes	[SENT] shortened internodes	[SENT] shorten internod	MaizeGDB	https://www.maizegdb.org/	pheno_genes.txt
0	maize	zma	ns1|ns1-R|uniprot=Q70UV1|ncbi=...	HB-type transcriptio...	GRMZM2G069028|Zm00001d004889	PATO:0000569|PATO:0000574	short plant	[SENT] short plant	[SENT] short plant	[SENT] short plant	MaizeGDB	https://www.maizegdb.org/	pheno_genes.txt
0	Zea mays ssp mays	zma	ns1|ns1-R|uniprot=Q70UV1|ncbi=...	HB-type transcriptio...	GRMZM2G069028|Zm00001d004889		The margin domain of both blade and sheath is missing	[SENT] The margin domain of both blade and sheath is missing	[SENT] The margin domain of both blade and sheath is missing	[SENT] margin domain blade sheath miss	Oellrich, Walls et al., 2015	https://plantmethods.biomedcentral.com/articles/10.1186/s13007-015-0053-y	13007_2015_53_MOESM1_ESM.csv
0	Zea mays ssp mays	zma	ns1|ns1-R|uniprot=Q70UV1|ncbi=...	HB-type transcriptio...	GRMZM2G069028|Zm00001d004889	PATO:0000574|PATO:0002364|GO:0033269	extremely shortened internodes	[SENT] extremely shortened internodes	[SENT] extremely shortened internodes	[SENT] extrem shorten internod	Oellrich, Walls et al., 2015	https://plantmethods.biomedcentral.com/articles/10.1186/s13007-015-0053-y	13007_2015_53_MOESM1_ESM.csv
0	Zea mays ssp mays	zma	ns1|ns1-R|uniprot=Q70UV1|ncbi=...	HB-type transcriptio...	GRMZM2G069028|Zm00001d004889	PATO:0001997|PATO:0000119|PATO:0000587	Plants are reduced in height	[SENT] Plants are reduced in height	[SENT] Plants are reduced in height	[SENT] plant reduc height	Oellrich, Walls et al., 2015	https://plantmethods.biomedcentral.com/articles/10.1186/s13007-015-0053-y	13007_2015_53_MOESM1_ESM.csv
1	maize	zma	ns2|NM_001111772.1|ns2-R|unipr...	WUSCHEL-related home...	Zm00001d052598	PATO:0000599	narrow sheath	[SENT] narrow sheath	[SENT] narrow sheath	[SENT] narrow sheath	MaizeGDB	https://www.maizegdb.org/	pheno_genes.txt
1	Zea mays ssp mays	zma	ns2|NM_001111772.1|ns2-R|unipr...	WUSCHEL-related home...	Zm00001d052598	PATO:0000077|PO:0009047|GO:0009739	 Plants (stems) do not elongate in response to gibberellins.	[SENT]  Plants (stems) do not elongate in response to gibberellins.	[SENT] Plants ( stems ) do not elongate in response to gibberellins .	[SENT] plant stem elong respons gibberellin	Oellrich, Walls et al., 2015	https://plantmethods.biomedcentral.com/articles/10.1186/s13007-015-0053-y	13007_2015_53_MOESM1_ESM.csv
1	maize	zma	ns2|NM_001111772.1|ns2-R|unipr...	WUSCHEL-related home...	Zm00001d052598	PATO:0000569|PATO:0000574	short plant	[SENT] short plant	[SENT] short plant	[SENT] short plant	MaizeGDB	https://www.maizegdb.org/	pheno_genes.txt
1	maize	zma	ns2|NM_001111772.1|ns2-R|unipr...	WUSCHEL-related home...	Zm00001d052598	PATO:0000622|PATO:0001545|PATO:0000569|PATO:0000077|PATO:000...	brachytic plant; short internodes, stiff erect leaves, short plant; no response to gibberellins	[SENT] brachytic plant. [SENT] short internodes, stiff erect leaves, short plant. [SENT] no response...	[SENT] brachytic plant . [SENT] short internodes , stiff erect leaves , short plant . [SENT] no resp...	[SENT] brachyt plant [SENT] short internod stiff erect leav short plant [SENT] respons gibberellin	MaizeGDB	https://www.maizegdb.org/	pheno_genes.txt
1	Zea mays ssp mays	zma	ns2|NM_001111772.1|ns2-R|unipr...	WUSCHEL-related home...	Zm00001d052598	PATO:0001997|PATO:0000119|PATO:0000587	Plants are reduced in height	[SENT] Plants are reduced in height	[SENT] Plants are reduced in height	[SENT] plant reduc height	Oellrich, Walls et al., 2015	https://plantmethods.biomedcentral.com/articles/10.1186/s13007-015-0053-y	13007_2015_53_MOESM1_ESM.csv
1	maize	zma	ns2|NM_001111772.1|ns2-R|unipr...	WUSCHEL-related home...	Zm00001d052598	PATO:0001555|PATO:0001997|PATO:0002364|PATO:0000119|PATO:000...	brachytic plant; Plants are reduced in height due to extremely shortened internodes but have normal ...	[SENT] brachytic plant. [SENT] Plants are reduced in height due to extremely shortened internodes bu...	[SENT] brachytic plant . [SENT] Plants are reduced in height due to extremely shortened internodes b...	[SENT] brachyt plant [SENT] plant reduc height extrem shorten internod normal size number leav ear t...	MaizeGDB	https://www.maizegdb.org/	pheno_genes.txt
1	maize	zma	ns2|NM_001111772.1|ns2-R|unipr...	WUSCHEL-related home...	Zm00001d052598	PATO:0000574|PATO:0002364|GO:0033269	shortened internodes	[SENT] shortened internodes	[SENT] shortened internodes	[SENT] shorten internod	MaizeGDB	https://www.maizegdb.org/	pheno_genes.txt
1	Zea mays ssp mays	zma	ns2|NM_001111772.1|ns2-R|unipr...	WUSCHEL-related home...	Zm00001d052598	PATO:0001555|PATO:0001997|PATO:0002364|PATO:0000119|PATO:000...	 Plants are reduced in height due to extremely shortened internodes but have normal size and number ...	[SENT]  Plants are reduced in height due to extremely shortened internodes but have normal size and ...	[SENT] Plants are reduced in height due to extremely shortened internodes but have normal size and n...	[SENT] plant reduc height extrem shorten internod normal size number leav ear tassel [SENT] plant el...	Oellrich, Walls et al., 2015	https://plantmethods.biomedcentral.com/articles/10.1186/s13007-015-0053-y	13007_2015_53_MOESM1_ESM.csv
1	maize	zma	ns2|NM_001111772.1|ns2-R|unipr...	WUSCHEL-related home...	Zm00001d052598	PATO:0002425|PATO:0001646	exposed ears	[SENT] exposed ears	[SENT] exposed ears	[SENT] expos ear	MaizeGDB	https://www.maizegdb.org/	pheno_genes.txt
1	maize	zma	ns2|NM_001111772.1|ns2-R|unipr...	WUSCHEL-related home...	Zm00001d052598		husks narrowed	[SENT] husks narrowed	[SENT] husks narrowed	[SENT] husk narrow	MaizeGDB	https://www.maizegdb.org/	pheno_genes.txt
1	Zea mays ssp mays	zma	ns2|NM_001111772.1|ns2-R|unipr...	WUSCHEL-related home...	Zm00001d052598	PATO:0000574|PATO:0002364|GO:0033269	extremely shortened internodes	[SENT] extremely shortened internodes	[SENT] extremely shortened internodes	[SENT] extrem shorten internod	Oellrich, Walls et al., 2015	https://plantmethods.biomedcentral.com/articles/10.1186/s13007-015-0053-y	13007_2015_53_MOESM1_ESM.csv
2	Arabidopsis thaliana	ath	UBP26|At3g49600|AT3G49600	Ubiquitin-Specific P...	At3g49600|AT3G49600	PATO:0002460|PO:0009010	Shriveled seeds	[SENT] Shriveled seeds	[SENT] Shriveled seeds	[SENT] shrivel seed	Oellrich, Walls et al., 2015	https://plantmethods.biomedcentral.com/articles/10.1186/s13007-015-0053-y	13007_2015_53_MOESM1_ESM.csv
2	Arabidopsis thaliana	ath	UBP26|At3g49600|AT3G49600	Ubiquitin-Specific P...	At3g49600|AT3G49600	PATO:0001997|PATO:0000460|PATO:0001511|PATO:0000587|PATO:000...	50% defective seeds; Low penetrance of endosperm development without fertilization; Reduced fertilit...	[SENT] 50% defective seeds. [SENT] Low penetrance of endosperm development without fertilization. [S...	[SENT] 50 % defective seeds . [SENT] Low penetrance of endosperm development without fertilization ....	[SENT] defect seed [SENT] low penetr endosperm develop fertil [SENT] reduc fertil [SENT] shrivel see...	Oellrich, Walls et al., 2015	https://plantmethods.biomedcentral.com/articles/10.1186/s13007-015-0053-y	13007_2015_53_MOESM1_ESM.csv
2	Arabidopsis	ath	UBP26|At3g49600|AT3G49600	Ubiquitin-Specific P...	At3g49600|AT3G49600	PATO:0000569|PATO:0000574|PATO:0002460|PATO:0000297|PO:00090...	Plants have short siliques producing about 80% shriveled seeds with autonomous endosperm development...	[SENT] Plants have short siliques producing about 80% shriveled seeds with autonomous endosperm deve...	[SENT] Plants have short siliques producing about 80 % shriveled seeds with autonomous endosperm dev...	[SENT] plant short siliqu produc shrivel seed autonom endosperm develop arrest embryo	TAIR	https://www.arabidopsis.org/	Locus_Germplasm_Phenotype_20190930.txt
2	Arabidopsis thaliana	ath	UBP26|At3g49600|AT3G49600	Ubiquitin-Specific P...	At3g49600|AT3G49600	PATO:0001997|PATO:0000274|PATO:0000587	Reduced fertility	[SENT] Reduced fertility	[SENT] Reduced fertility	[SENT] reduc fertil	Oellrich, Walls et al., 2015	https://plantmethods.biomedcentral.com/articles/10.1186/s13007-015-0053-y	13007_2015_53_MOESM1_ESM.csv
2	Arabidopsis	ath	UBP26|At3g49600|AT3G49600	Ubiquitin-Specific P...	At3g49600|AT3G49600	PO:0009066|PO:0025074|PO:0009010|PO:0009046|GO:0030728|GO:00...	In homozygous plants 20% of ovules fail to form seeds. Ovules that do not produce seeds do not produ...	[SENT] In homozygous plants 20% of ovules fail to form seeds. [SENT] Ovules that do not produce seed...	[SENT] In homozygous plants 20 % of ovules fail to form seeds . [SENT] Ovules that do not produce se...	[SENT] homozyg plant ovul fail form seed [SENT] ovul produc seed produc embryo sac [SENT] remain ovu...	TAIR	https://www.arabidopsis.org/	Locus_Germplasm_Phenotype_20190930.txt
2	Arabidopsis thaliana	ath	UBP26|At3g49600|AT3G49600	Ubiquitin-Specific P...	At3g49600|AT3G49600	PATO:0000460|PATO:0001511|PO:0009010	50% defective seeds	[SENT] 50% defective seeds	[SENT] 50 % defective seeds	[SENT] defect seed	Oellrich, Walls et al., 2015	https://plantmethods.biomedcentral.com/articles/10.1186/s13007-015-0053-y	13007_2015_53_MOESM1_ESM.csv
2	Arabidopsis thaliana	ath	UBP26|At3g49600|AT3G49600	Ubiquitin-Specific P...	At3g49600|AT3G49600	PO:0009089|GO:0009960|GO:0009566	Low penetrance of endosperm development without fertilization	[SENT] Low penetrance of endosperm development without fertilization	[SENT] Low penetrance of endosperm development without fertilization	[SENT] low penetr endosperm develop fertil	Oellrich, Walls et al., 2015	https://plantmethods.biomedcentral.com/articles/10.1186/s13007-015-0053-y	13007_2015_53_MOESM1_ESM.csv
3	Medicago truncatula	mtr	cyp716A12|Medtr3g021350|Medtr3...	lha|cytochrome P450 ...	Medtr3g021350|Medtr3g021180	PATO:0000140|PATO:0015016|PATO:0000694|GO:0019825|GO:0040007...	A cytochrome P450 gene (CYP716A12) is involved in an early step in saponin biosynthesis and is found...	[SENT] A cytochrome P450 gene (CYP716A12) is involved in an early step in saponin biosynthesis and i...	[SENT] A cytochrome P450 gene ( CYP716A12 ) is involved in an early step in saponin biosynthesis and...	[SENT] cytochrom gene cypa involv earli step saponin biosynthesi tissu [SENT] cypa loss function mut...	Oellrich, Walls et al., 2015	https://plantmethods.biomedcentral.com/articles/10.1186/s13007-015-0053-y	13007_2015_53_MOESM1_ESM.csv
3	Medicago truncatula	mtr	cyp716A12|Medtr3g021350|Medtr3...	lha|cytochrome P450 ...	Medtr3g021350|Medtr3g021180	GO:0040007	Plant growth stunted	[SENT] Plant growth stunted	[SENT] Plant growth stunted	[SENT] plant growth stunt	Oellrich, Walls et al., 2015	https://plantmethods.biomedcentral.com/articles/10.1186/s13007-015-0053-y	13007_2015_53_MOESM1_ESM.csv
3	Medicago truncatula	mtr	cyp716A12|Medtr3g021350|Medtr3...	lha|cytochrome P450 ...	Medtr3g021350|Medtr3g021180	PATO:0001624|GO:0016135	Impaired hemolytic saponin synthesis	[SENT] Impaired hemolytic saponin synthesis	[SENT] Impaired hemolytic saponin synthesis	[SENT] impair hemolyt saponin synthesi	Oellrich, Walls et al., 2015	https://plantmethods.biomedcentral.com/articles/10.1186/s13007-015-0053-y	13007_2015_53_MOESM1_ESM.csv
4	Oryza sativa	osa	SL1|Os01g0129200	stl1.1|STAMENLESS 1	Os01g0129200	PATO:0000890	male sterile	[SENT] male sterile	[SENT] male sterile	[SENT] male steril	Oellrich, Walls et al., 2015	https://plantmethods.biomedcentral.com/articles/10.1186/s13007-015-0053-y	13007_2015_53_MOESM1_ESM.csv
4	Oryza sativa	osa	SL1|Os01g0129200	stl1.1|STAMENLESS 1	Os01g0129200	PO:0009029	stamen nonfunctional 	[SENT] stamen nonfunctional	[SENT] stamen nonfunctional	[SENT] stamen nonfunct	Oellrich, Walls et al., 2015	https://plantmethods.biomedcentral.com/articles/10.1186/s13007-015-0053-y	13007_2015_53_MOESM1_ESM.csv
4	Oryza sativa	osa	SL1|Os01g0129200	stl1.1|STAMENLESS 1	Os01g0129200	PATO:0000646|PO:0009029	stamens malformed 	[SENT] stamens malformed	[SENT] stamens malformed	[SENT] stamen malform	Oellrich, Walls et al., 2015	https://plantmethods.biomedcentral.com/articles/10.1186/s13007-015-0053-y	13007_2015_53_MOESM1_ESM.csv
4	Oryza sativa	osa	SL1|Os01g0129200	stl1.1|STAMENLESS 1	Os01g0129200	PATO:0000646|PATO:0000461|PATO:0002006|PATO:0000888|PATO:000...	a mutant floret has degenerated lemma and palea, so that they fail to enclose the stamens and pistil...	[SENT] a mutant floret has degenerated lemma and palea, so that they fail to enclose the stamens and...	[SENT] a mutant floret has degenerated lemma and palea , so that they fail to enclose the stamens an...	[SENT] mutant floret degener lemma palea fail enclos stamen pistil [SENT] mutant produc normal stame...	Oellrich, Walls et al., 2015	https://plantmethods.biomedcentral.com/articles/10.1186/s13007-015-0053-y	13007_2015_53_MOESM1_ESM.csv
4	Oryza sativa	osa	SL1|Os01g0129200	stl1.1|STAMENLESS 1	Os01g0129200	PO:0009037	degenerated lemma	[SENT] degenerated lemma	[SENT] degenerated lemma	[SENT] degener lemma	Oellrich, Walls et al., 2015	https://plantmethods.biomedcentral.com/articles/10.1186/s13007-015-0053-y	13007_2015_53_MOESM1_ESM.csv
4	Oryza sativa	osa	SL1|Os01g0129200	stl1.1|STAMENLESS 1	Os01g0129200	PO:0009038	degenerated palea	[SENT] degenerated palea	[SENT] degenerated palea	[SENT] degener palea	Oellrich, Walls et al., 2015	https://plantmethods.biomedcentral.com/articles/10.1186/s13007-015-0053-y	13007_2015_53_MOESM1_ESM.csv
4	Oryza sativa	osa	SL1|Os01g0129200	stl1.1|STAMENLESS 1	Os01g0129200		Mutant floret has 3 ovaries	[SENT] Mutant floret has 3 ovaries	[SENT] Mutant floret has 3 ovaries	[SENT] mutant floret ovari	Oellrich, Walls et al., 2015	https://plantmethods.biomedcentral.com/articles/10.1186/s13007-015-0053-y	13007_2015_53_MOESM1_ESM.csv
4	Oryza sativa	osa	SL1|Os01g0129200	stl1.1|STAMENLESS 1	Os01g0129200	PO:0009029	stamens transformed to pistils 	[SENT] stamens transformed to pistils	[SENT] stamens transformed to pistils	[SENT] stamen transform pistil	Oellrich, Walls et al., 2015	https://plantmethods.biomedcentral.com/articles/10.1186/s13007-015-0053-y	13007_2015_53_MOESM1_ESM.csv
4	Oryza sativa	osa	SL1|Os01g0129200	stl1.1|STAMENLESS 1	Os01g0129200	PATO:0000277|PATO:0000888	female fertile	[SENT] female fertile	[SENT] female fertile	[SENT] femal fertil	Oellrich, Walls et al., 2015	https://plantmethods.biomedcentral.com/articles/10.1186/s13007-015-0053-y	13007_2015_53_MOESM1_ESM.csv
5	Zea mays ssp mays	zma	d9|D9-N2319|ncbi=100127531|dwa...	D9|D*-2319|D*-N2319|...	GRMZM2G024973|Zm00001d013465	PATO:0000600|PATO:0000587|PATO:0002359|PATO:0000582|PATO:000...	A small or dwarf plant but  less extreme than dwarf; may have broad leaves and compact heavy tassel	[SENT] A small or dwarf plant but  less extreme than dwarf. [SENT] may have broad leaves and compact...	[SENT] A small or dwarf plant but less extreme than dwarf . [SENT] may have broad leaves and compact...	[SENT] small dwarf plant extrem dwarf [SENT] broad leav compact heavi tassel	Oellrich, Walls et al., 2015	https://plantmethods.biomedcentral.com/articles/10.1186/s13007-015-0053-y	13007_2015_53_MOESM1_ESM.csv
5	maize	zma	d9|D9-N2319|ncbi=100127531|dwa...	D9|D*-2319|D*-N2319|...	GRMZM2G024973|Zm00001d013465	PATO:0000600|PATO:0000569|PATO:0002359|PATO:0000574|PATO:000...	dwarf plant; short, compact, broad leaves, andromonoecious; responds to gibberellins	[SENT] dwarf plant. [SENT] short, compact, broad leaves, andromonoecious. [SENT] responds to gibbere...	[SENT] dwarf plant . [SENT] short , compact , broad leaves , andromonoecious . [SENT] responds to gi...	[SENT] dwarf plant [SENT] short compact broad leav andromonoeci [SENT] respond gibberellin	MaizeGDB	https://www.maizegdb.org/	pheno_genes.txt
5	Zea mays ssp mays	zma	d9|D9-N2319|ncbi=100127531|dwa...	D9|D*-2319|D*-N2319|...	GRMZM2G024973|Zm00001d013465	PATO:0000600|PATO:0000569|PATO:0002359|PATO:0000574|PATO:000...	short, compact, broad leaves, andromonoecious; responds to gibberellins	[SENT] short, compact, broad leaves, andromonoecious. [SENT] responds to gibberellins	[SENT] short , compact , broad leaves , andromonoecious . [SENT] responds to gibberellins	[SENT] short compact broad leav andromonoeci [SENT] respond gibberellin	Oellrich, Walls et al., 2015	https://plantmethods.biomedcentral.com/articles/10.1186/s13007-015-0053-y	13007_2015_53_MOESM1_ESM.csv
5	Zea mays ssp mays	zma	d9|D9-N2319|ncbi=100127531|dwa...	D9|D*-2319|D*-N2319|...	GRMZM2G024973|Zm00001d013465	PATO:0001485	compact  tassel	[SENT] compact  tassel	[SENT] compact tassel	[SENT] compact tassel	Oellrich, Walls et al., 2015	https://plantmethods.biomedcentral.com/articles/10.1186/s13007-015-0053-y	13007_2015_53_MOESM1_ESM.csv
5	Zea mays ssp mays	zma	d9|D9-N2319|ncbi=100127531|dwa...	D9|D*-2319|D*-N2319|...	GRMZM2G024973|Zm00001d013465	PATO:0002359|PATO:0000600	leaves broad	[SENT] leaves broad	[SENT] leaves broad	[SENT] leav broad	Oellrich, Walls et al., 2015	https://plantmethods.biomedcentral.com/articles/10.1186/s13007-015-0053-y	13007_2015_53_MOESM1_ESM.csv
5	Zea mays ssp mays	zma	d9|D9-N2319|ncbi=100127531|dwa...	D9|D*-2319|D*-N2319|...	GRMZM2G024973|Zm00001d013465	PATO:0001446|PATO:0000574|PATO:0000569|PO:0000003	whole plant short	[SENT] whole plant short	[SENT] whole plant short	[SENT] plant short	Oellrich, Walls et al., 2015	https://plantmethods.biomedcentral.com/articles/10.1186/s13007-015-0053-y	13007_2015_53_MOESM1_ESM.csv
5	maize	zma	d9|D9-N2319|ncbi=100127531|dwa...	D9|D*-2319|D*-N2319|...	GRMZM2G024973|Zm00001d013465	PATO:0000600|PATO:0000587|PATO:0002359|PATO:0000582|PATO:000...	semidwarf; like small or dwarf plant but usually less extreme; may have broad leaves and compact hea...	[SENT] semidwarf. [SENT] like small or dwarf plant but usually less extreme. [SENT] may have broad l...	[SENT] semidwarf . [SENT] like small or dwarf plant but usually less extreme . [SENT] may have broad...	[SENT] semidwarf [SENT] like small dwarf plant usual extrem [SENT] broad leav compact heavi tassel	MaizeGDB	https://www.maizegdb.org/	pheno_genes.txt
5	Zea mays ssp mays	zma	d9|D9-N2319|ncbi=100127531|dwa...	D9|D*-2319|D*-N2319|...	GRMZM2G024973|Zm00001d013465	PO:0009066	anthers in the ears	[SENT] anthers in the ears	[SENT] anthers in the ears	[SENT] anther ear	Oellrich, Walls et al., 2015	https://plantmethods.biomedcentral.com/articles/10.1186/s13007-015-0053-y	13007_2015_53_MOESM1_ESM.csv
5	maize	zma	d9|D9-N2319|ncbi=100127531|dwa...	D9|D*-2319|D*-N2319|...	GRMZM2G024973|Zm00001d013465	PATO:0000384|PO:0009066|PO:0009046|PO:0009039|GO:0010228	andromonoecious; Male floral parts (anthers, sometimes glumes) on the ear.  Producing both bisexual ...	[SENT] andromonoecious. [SENT] Male floral parts (anthers, sometimes glumes) on the ear. [SENT] Prod...	[SENT] andromonoecious . [SENT] Male floral parts ( anthers , sometimes glumes ) on the ear . [SENT]...	[SENT] andromonoeci [SENT] male floral part anther glume ear [SENT] produc bisexu male flower plant ...	MaizeGDB	https://www.maizegdb.org/	pheno_genes.txt
5	Zea mays ssp mays	zma	d9|D9-N2319|ncbi=100127531|dwa...	D9|D*-2319|D*-N2319|...	GRMZM2G024973|Zm00001d013465	PATO:0000384|PO:0009066|PO:0009046|PO:0009039|GO:0010228	Male floral parts (anthers, sometimes glumes) on the ear. Producing both bisexual and male flowers o...	[SENT] Male floral parts (anthers, sometimes glumes) on the ear. [SENT] Producing both bisexual and ...	[SENT] Male floral parts ( anthers , sometimes glumes ) on the ear . [SENT] Producing both bisexual ...	[SENT] male floral part anther glume ear [SENT] produc bisexu male flower plant [SENT] synonym anthe...	Oellrich, Walls et al., 2015	https://plantmethods.biomedcentral.com/articles/10.1186/s13007-015-0053-y	13007_2015_53_MOESM1_ESM.csv
5	Zea mays ssp mays	zma	d9|D9-N2319|ncbi=100127531|dwa...	D9|D*-2319|D*-N2319|...	GRMZM2G024973|Zm00001d013465	PATO:0002359|PATO:0000600	broad leaves	[SENT] broad leaves	[SENT] broad leaves	[SENT] broad leav	Oellrich, Walls et al., 2015	https://plantmethods.biomedcentral.com/articles/10.1186/s13007-015-0053-y	13007_2015_53_MOESM1_ESM.csv
5	Zea mays ssp mays	zma	d9|D9-N2319|ncbi=100127531|dwa...	D9|D*-2319|D*-N2319|...	GRMZM2G024973|Zm00001d013465	PATO:0001485	compact leaves	[SENT] compact leaves	[SENT] compact leaves	[SENT] compact leav	Oellrich, Walls et al., 2015	https://plantmethods.biomedcentral.com/articles/10.1186/s13007-015-0053-y	13007_2015_53_MOESM1_ESM.csv
5	Zea mays ssp mays	zma	d9|D9-N2319|ncbi=100127531|dwa...	D9|D*-2319|D*-N2319|...	GRMZM2G024973|Zm00001d013465	PATO:0000569|PATO:0000574	short leaves	[SENT] short leaves	[SENT] short leaves	[SENT] short leav	Oellrich, Walls et al., 2015	https://plantmethods.biomedcentral.com/articles/10.1186/s13007-015-0053-y	13007_2015_53_MOESM1_ESM.csv
5	Zea mays ssp mays	zma	d9|D9-N2319|ncbi=100127531|dwa...	D9|D*-2319|D*-N2319|...	GRMZM2G024973|Zm00001d013465		andromonoecious	[SENT] andromonoecious	[SENT] andromonoecious	[SENT] andromonoeci	Oellrich, Walls et al., 2015	https://plantmethods.biomedcentral.com/articles/10.1186/s13007-015-0053-y	13007_2015_53_MOESM1_ESM.csv
6	maize	zma	d8|D8-1|D8-Mpl|uniprot=Q9ST48|...	D8|DELLA protein DWA...	GRMZM2G144744|Zm00001d033680		many tillers; produces tillers in heterozygote	[SENT] many tillers. [SENT] produces tillers in heterozygote	[SENT] many tillers . [SENT] produces tillers in heterozygote	[SENT] tiller [SENT] produc tiller heterozygot	MaizeGDB	https://www.maizegdb.org/	pheno_genes.txt
6	maize	zma	d8|D8-1|D8-Mpl|uniprot=Q9ST48|...	D8|DELLA protein DWA...	GRMZM2G144744|Zm00001d033680	PATO:0000402|PATO:0001193|PO:0025073	many tillers; Plant produces many lateral branches (tillers) at its base.	[SENT] many tillers. [SENT] Plant produces many lateral branches (tillers) at its base.	[SENT] many tillers . [SENT] Plant produces many lateral branches ( tillers ) at its base .	[SENT] tiller [SENT] plant produc later branch tiller base	MaizeGDB	https://www.maizegdb.org/	pheno_genes.txt
6	Zea mays ssp mays	zma	d8|D8-1|D8-Mpl|uniprot=Q9ST48|...	D8|DELLA protein DWA...	GRMZM2G144744|Zm00001d033680	PATO:0002359|PATO:0000600	broad leaves	[SENT] broad leaves	[SENT] broad leaves	[SENT] broad leav	Oellrich, Walls et al., 2015	https://plantmethods.biomedcentral.com/articles/10.1186/s13007-015-0053-y	13007_2015_53_MOESM1_ESM.csv
6	maize	zma	d8|D8-1|D8-Mpl|uniprot=Q9ST48|...	D8|DELLA protein DWA...	GRMZM2G144744|Zm00001d033680	PATO:0000600|PATO:0000569|PATO:0002359|PATO:0000574|PATO:000...	dwarf plant; short, compact, broad leaves, andromonoecious; responds to gibberellins	[SENT] dwarf plant. [SENT] short, compact, broad leaves, andromonoecious. [SENT] responds to gibbere...	[SENT] dwarf plant . [SENT] short , compact , broad leaves , andromonoecious . [SENT] responds to gi...	[SENT] dwarf plant [SENT] short compact broad leav andromonoeci [SENT] respond gibberellin	MaizeGDB	https://www.maizegdb.org/	pheno_genes.txt
6	Zea mays ssp mays	zma	d8|D8-1|D8-Mpl|uniprot=Q9ST48|...	D8|DELLA protein DWA...	GRMZM2G144744|Zm00001d033680		andromonoecious	[SENT] andromonoecious	[SENT] andromonoecious	[SENT] andromonoeci	Oellrich, Walls et al., 2015	https://plantmethods.biomedcentral.com/articles/10.1186/s13007-015-0053-y	13007_2015_53_MOESM1_ESM.csv
6	Zea mays ssp mays	zma	d8|D8-1|D8-Mpl|uniprot=Q9ST48|...	D8|DELLA protein DWA...	GRMZM2G144744|Zm00001d033680		Dwarf	[SENT] Dwarf	[SENT] Dwarf	[SENT] dwarf	Oellrich, Walls et al., 2015	https://plantmethods.biomedcentral.com/articles/10.1186/s13007-015-0053-y	13007_2015_53_MOESM1_ESM.csv
6	Zea mays ssp mays	zma	d8|D8-1|D8-Mpl|uniprot=Q9ST48|...	D8|DELLA protein DWA...	GRMZM2G144744|Zm00001d033680	PATO:0000402|PO:0025073	tassel branches few	[SENT] tassel branches few	[SENT] tassel branches few	[SENT] tassel branch	Oellrich, Walls et al., 2015	https://plantmethods.biomedcentral.com/articles/10.1186/s13007-015-0053-y	13007_2015_53_MOESM1_ESM.csv
6	Zea mays ssp mays	zma	d8|D8-1|D8-Mpl|uniprot=Q9ST48|...	D8|DELLA protein DWA...	GRMZM2G144744|Zm00001d033680	PATO:0000384|PO:0009046|GO:0010228	Producing both bisexual and male flowers on the same plant. Synonym: andromonoecious.	[SENT] Producing both bisexual and male flowers on the same plant. [SENT] Synonym: andromonoecious.	[SENT] Producing both bisexual and male flowers on the same plant . [SENT] Synonym : andromonoecious...	[SENT] produc bisexu male flower plant [SENT] synonym andromonoeci	Oellrich, Walls et al., 2015	https://plantmethods.biomedcentral.com/articles/10.1186/s13007-015-0053-y	13007_2015_53_MOESM1_ESM.csv
6	maize	zma	d8|D8-1|D8-Mpl|uniprot=Q9ST48|...	D8|DELLA protein DWA...	GRMZM2G144744|Zm00001d033680	PATO:0000569|PATO:0000574|PATO:0002359|PATO:0000600|PO:00250...	crinkled leaf; plant short; leaves broad and crinkled	[SENT] crinkled leaf. [SENT] plant short. [SENT] leaves broad and crinkled	[SENT] crinkled leaf . [SENT] plant short . [SENT] leaves broad and crinkled	[SENT] crinkl leaf [SENT] plant short [SENT] leav broad crinkl	MaizeGDB	https://www.maizegdb.org/	pheno_genes.txt
6	Zea mays ssp mays	zma	d8|D8-1|D8-Mpl|uniprot=Q9ST48|...	D8|DELLA protein DWA...	GRMZM2G144744|Zm00001d033680	PO:0025034	The leaf blade is broader than wild type sibs	[SENT] The leaf blade is broader than wild type sibs	[SENT] The leaf blade is broader than wild type sibs	[SENT] leaf blade broader wild type sib	Oellrich, Walls et al., 2015	https://plantmethods.biomedcentral.com/articles/10.1186/s13007-015-0053-y	13007_2015_53_MOESM1_ESM.csv
6	Zea mays ssp mays	zma	d8|D8-1|D8-Mpl|uniprot=Q9ST48|...	D8|DELLA protein DWA...	GRMZM2G144744|Zm00001d033680	PATO:0001446|PATO:0000574|PATO:0000569|PO:0000003	whole plant short	[SENT] whole plant short	[SENT] whole plant short	[SENT] plant short	Oellrich, Walls et al., 2015	https://plantmethods.biomedcentral.com/articles/10.1186/s13007-015-0053-y	13007_2015_53_MOESM1_ESM.csv
6	Zea mays ssp mays	zma	d8|D8-1|D8-Mpl|uniprot=Q9ST48|...	D8|DELLA protein DWA...	GRMZM2G144744|Zm00001d033680	PATO:0000600|PATO:0000569|PATO:0002359|PATO:0000574|PATO:000...	short, compact, broad leaves, andromonoecious; responds to gibberellins	[SENT] short, compact, broad leaves, andromonoecious. [SENT] responds to gibberellins	[SENT] short , compact , broad leaves , andromonoecious . [SENT] responds to gibberellins	[SENT] short compact broad leav andromonoeci [SENT] respond gibberellin	Oellrich, Walls et al., 2015	https://plantmethods.biomedcentral.com/articles/10.1186/s13007-015-0053-y	13007_2015_53_MOESM1_ESM.csv
6	Zea mays ssp mays	zma	d8|D8-1|D8-Mpl|uniprot=Q9ST48|...	D8|DELLA protein DWA...	GRMZM2G144744|Zm00001d033680	PATO:0000402|PATO:0001193|PO:0025073	Plant produces many lateral branches (tillers) at its base.	[SENT] Plant produces many lateral branches (tillers) at its base.	[SENT] Plant produces many lateral branches ( tillers ) at its base .	[SENT] plant produc later branch tiller base	Oellrich, Walls et al., 2015	https://plantmethods.biomedcentral.com/articles/10.1186/s13007-015-0053-y	13007_2015_53_MOESM1_ESM.csv
6	Zea mays ssp mays	zma	d8|D8-1|D8-Mpl|uniprot=Q9ST48|...	D8|DELLA protein DWA...	GRMZM2G144744|Zm00001d033680	PATO:0000569|PATO:0000574	short leaves	[SENT] short leaves	[SENT] short leaves	[SENT] short leav	Oellrich, Walls et al., 2015	https://plantmethods.biomedcentral.com/articles/10.1186/s13007-015-0053-y	13007_2015_53_MOESM1_ESM.csv
6	Zea mays ssp mays	zma	d8|D8-1|D8-Mpl|uniprot=Q9ST48|...	D8|DELLA protein DWA...	GRMZM2G144744|Zm00001d033680		Plant does not reposnd to giberellin	[SENT] Plant does not reposnd to giberellin	[SENT] Plant does not reposnd to giberellin	[SENT] plant reposnd giberellin	Oellrich, Walls et al., 2015	https://plantmethods.biomedcentral.com/articles/10.1186/s13007-015-0053-y	13007_2015_53_MOESM1_ESM.csv
6	maize	zma	d8|D8-1|D8-Mpl|uniprot=Q9ST48|...	D8|DELLA protein DWA...	GRMZM2G144744|Zm00001d033680	PATO:0000487	gibberellin responsive	[SENT] gibberellin responsive	[SENT] gibberellin responsive	[SENT] gibberellin respons	MaizeGDB	https://www.maizegdb.org/	pheno_genes.txt
6	Zea mays ssp mays	zma	d8|D8-1|D8-Mpl|uniprot=Q9ST48|...	D8|DELLA protein DWA...	GRMZM2G144744|Zm00001d033680	PO:0006354	Ear florets are hermaphroditic; most easily observed in unfertilized ear. 	[SENT] Ear florets are hermaphroditic. [SENT] most easily observed in unfertilized ear.	[SENT] Ear florets are hermaphroditic . [SENT] most easily observed in unfertilized ear .	[SENT] ear floret hermaphrodit [SENT] easili observ unfertil ear	Oellrich, Walls et al., 2015	https://plantmethods.biomedcentral.com/articles/10.1186/s13007-015-0053-y	13007_2015_53_MOESM1_ESM.csv
6	Zea mays ssp mays	zma	d8|D8-1|D8-Mpl|uniprot=Q9ST48|...	D8|DELLA protein DWA...	GRMZM2G144744|Zm00001d033680	PATO:0001485	compact  tassel	[SENT] compact  tassel	[SENT] compact tassel	[SENT] compact tassel	Oellrich, Walls et al., 2015	https://plantmethods.biomedcentral.com/articles/10.1186/s13007-015-0053-y	13007_2015_53_MOESM1_ESM.csv
6	Zea mays ssp mays	zma	d8|D8-1|D8-Mpl|uniprot=Q9ST48|...	D8|DELLA protein DWA...	GRMZM2G144744|Zm00001d033680	PATO:0002359|PATO:0000600	leaves broad	[SENT] leaves broad	[SENT] leaves broad	[SENT] leav broad	Oellrich, Walls et al., 2015	https://plantmethods.biomedcentral.com/articles/10.1186/s13007-015-0053-y	13007_2015_53_MOESM1_ESM.csv
6	Zea mays ssp mays	zma	d8|D8-1|D8-Mpl|uniprot=Q9ST48|...	D8|DELLA protein DWA...	GRMZM2G144744|Zm00001d033680	PATO:0000402|PATO:0000600|PATO:0000569|PATO:0000384|PATO:000...	Ear florets are hermaphroditic; most easily observed in unfertilized ear. Dwarf. Responds to gibbere...	[SENT] Ear florets are hermaphroditic. [SENT] most easily observed in unfertilized ear. [SENT] Dwarf...	[SENT] Ear florets are hermaphroditic . [SENT] most easily observed in unfertilized ear . [SENT] Dwa...	[SENT] ear floret hermaphrodit [SENT] easili observ unfertil ear [SENT] dwarf [SENT] respond gibbere...	Oellrich, Walls et al., 2015	https://plantmethods.biomedcentral.com/articles/10.1186/s13007-015-0053-y	13007_2015_53_MOESM1_ESM.csv
6	Zea mays ssp mays	zma	d8|D8-1|D8-Mpl|uniprot=Q9ST48|...	D8|DELLA protein DWA...	GRMZM2G144744|Zm00001d033680	PATO:0000402|PATO:0000384|PO:0009046|PO:0006354|PO:0025073|P...	Ear florets are hermaphroditic; most easily observed in unfertilized ear. Dwarf. Responds to gibbere...	[SENT] Ear florets are hermaphroditic. [SENT] most easily observed in unfertilized ear. [SENT] Dwarf...	[SENT] Ear florets are hermaphroditic . [SENT] most easily observed in unfertilized ear . [SENT] Dwa...	[SENT] ear floret hermaphrodit [SENT] easili observ unfertil ear [SENT] dwarf [SENT] respond gibbere...	Oellrich, Walls et al., 2015	https://plantmethods.biomedcentral.com/articles/10.1186/s13007-015-0053-y	13007_2015_53_MOESM1_ESM.csv
6	Zea mays ssp mays	zma	d8|D8-1|D8-Mpl|uniprot=Q9ST48|...	D8|DELLA protein DWA...	GRMZM2G144744|Zm00001d033680	PATO:0001485	compact leaves	[SENT] compact leaves	[SENT] compact leaves	[SENT] compact leav	Oellrich, Walls et al., 2015	https://plantmethods.biomedcentral.com/articles/10.1186/s13007-015-0053-y	13007_2015_53_MOESM1_ESM.csv
6	Zea mays ssp mays	zma	d8|D8-1|D8-Mpl|uniprot=Q9ST48|...	D8|DELLA protein DWA...	GRMZM2G144744|Zm00001d033680	PO:0009066	anthers in the ears	[SENT] anthers in the ears	[SENT] anthers in the ears	[SENT] anther ear	Oellrich, Walls et al., 2015	https://plantmethods.biomedcentral.com/articles/10.1186/s13007-015-0053-y	13007_2015_53_MOESM1_ESM.csv
6	Zea mays ssp mays	zma	d8|D8-1|D8-Mpl|uniprot=Q9ST48|...	D8|DELLA protein DWA...	GRMZM2G144744|Zm00001d033680	PATO:0000921|PO:0025034	leaf width excess	[SENT] leaf width excess	[SENT] leaf width excess	[SENT] leaf width excess	Oellrich, Walls et al., 2015	https://plantmethods.biomedcentral.com/articles/10.1186/s13007-015-0053-y	13007_2015_53_MOESM1_ESM.csv
6	maize	zma	d8|D8-1|D8-Mpl|uniprot=Q9ST48|...	D8|DELLA protein DWA...	GRMZM2G144744|Zm00001d033680	PATO:0000600|PATO:0000587|PATO:0002359|PATO:0000582|PATO:000...	semidwarf; like small or dwarf plant but usually less extreme; may have broad leaves and compact hea...	[SENT] semidwarf. [SENT] like small or dwarf plant but usually less extreme. [SENT] may have broad l...	[SENT] semidwarf . [SENT] like small or dwarf plant but usually less extreme . [SENT] may have broad...	[SENT] semidwarf [SENT] like small dwarf plant usual extrem [SENT] broad leav compact heavi tassel	MaizeGDB	https://www.maizegdb.org/	pheno_genes.txt
6	maize	zma	d8|D8-1|D8-Mpl|uniprot=Q9ST48|...	D8|DELLA protein DWA...	GRMZM2G144744|Zm00001d033680	PATO:0000384|PO:0009066|PO:0009046|PO:0009039|GO:0010228	andromonoecious; Male floral parts (anthers, sometimes glumes) on the ear.  Producing both bisexual ...	[SENT] andromonoecious. [SENT] Male floral parts (anthers, sometimes glumes) on the ear. [SENT] Prod...	[SENT] andromonoecious . [SENT] Male floral parts ( anthers , sometimes glumes ) on the ear . [SENT]...	[SENT] andromonoeci [SENT] male floral part anther glume ear [SENT] produc bisexu male flower plant ...	MaizeGDB	https://www.maizegdb.org/	pheno_genes.txt
6	Zea mays ssp mays	zma	d8|D8-1|D8-Mpl|uniprot=Q9ST48|...	D8|DELLA protein DWA...	GRMZM2G144744|Zm00001d033680	PATO:0000600|PATO:0000587|PATO:0002359|PATO:0000582|PATO:000...	A small or dwarf plant but  less extreme than dwarf; may have broad leaves and compact heavy tassel	[SENT] A small or dwarf plant but  less extreme than dwarf. [SENT] may have broad leaves and compact...	[SENT] A small or dwarf plant but less extreme than dwarf . [SENT] may have broad leaves and compact...	[SENT] small dwarf plant extrem dwarf [SENT] broad leav compact heavi tassel	Oellrich, Walls et al., 2015	https://plantmethods.biomedcentral.com/articles/10.1186/s13007-015-0053-y	13007_2015_53_MOESM1_ESM.csv
6	maize	zma	d8|D8-1|D8-Mpl|uniprot=Q9ST48|...	D8|DELLA protein DWA...	GRMZM2G144744|Zm00001d033680	PATO:0000569|PATO:0000574	short plant	[SENT] short plant	[SENT] short plant	[SENT] short plant	MaizeGDB	https://www.maizegdb.org/	pheno_genes.txt
6	maize	zma	d8|D8-1|D8-Mpl|uniprot=Q9ST48|...	D8|DELLA protein DWA...	GRMZM2G144744|Zm00001d033680	PO:0009066|PO:0006354	anther ear; Ear florets are hermaphroditic; most easily observed in unfertilized ear.  Synonym: andr...	[SENT] anther ear. [SENT] Ear florets are hermaphroditic. [SENT] most easily observed in unfertilize...	[SENT] anther ear . [SENT] Ear florets are hermaphroditic . [SENT] most easily observed in unfertili...	[SENT] anther ear [SENT] ear floret hermaphrodit [SENT] easili observ unfertil ear [SENT] synonym an...	MaizeGDB	https://www.maizegdb.org/	pheno_genes.txt
6	Zea mays ssp mays	zma	d8|D8-1|D8-Mpl|uniprot=Q9ST48|...	D8|DELLA protein DWA...	GRMZM2G144744|Zm00001d033680	PATO:0000384|PO:0009066|PO:0009046|PO:0009039|GO:0010228	Male floral parts (anthers, sometimes glumes) on the ear. Producing both bisexual and male flowers o...	[SENT] Male floral parts (anthers, sometimes glumes) on the ear. [SENT] Producing both bisexual and ...	[SENT] Male floral parts ( anthers , sometimes glumes ) on the ear . [SENT] Producing both bisexual ...	[SENT] male floral part anther glume ear [SENT] produc bisexu male flower plant [SENT] synonym anthe...	Oellrich, Walls et al., 2015	https://plantmethods.biomedcentral.com/articles/10.1186/s13007-015-0053-y	13007_2015_53_MOESM1_ESM.csv
6	maize	zma	d8|D8-1|D8-Mpl|uniprot=Q9ST48|...	D8|DELLA protein DWA...	GRMZM2G144744|Zm00001d033680	PATO:0002359|PATO:0000600|PO:0025034	broad leaf	[SENT] broad leaf	[SENT] broad leaf	[SENT] broad leaf	MaizeGDB	https://www.maizegdb.org/	pheno_genes.txt
6	maize	zma	d8|D8-1|D8-Mpl|uniprot=Q9ST48|...	D8|DELLA protein DWA...	GRMZM2G144744|Zm00001d033680	PATO:0000402|PATO:0000057|PO:0009066|PO:0025073|PO:0009039	anther ear; Other phenotypes may associate with occurrences of anther ear. For an1 variations,  anth...	[SENT] anther ear. [SENT] Other phenotypes may associate with occurrences of anther ear. [SENT] For ...	[SENT] anther ear . [SENT] Other phenotypes may associate with occurrences of anther ear . [SENT] Fo...	[SENT] anther ear [SENT] phenotyp associ occurr anther ear [SENT] variat anther tassel remain glume ...	MaizeGDB	https://www.maizegdb.org/	pheno_genes.txt
7	Oryza sativa	osa	D1|Os05g0333200	D1.1|DAIKOKU DWARF	Os05g0333200	PATO:0001249	dark green leaves	[SENT] dark green leaves	[SENT] dark green leaves	[SENT] dark green leav	Oellrich, Walls et al., 2015	https://plantmethods.biomedcentral.com/articles/10.1186/s13007-015-0053-y	13007_2015_53_MOESM1_ESM.csv
7	Oryza sativa	osa	D1|Os05g0333200	D1.1|DAIKOKU DWARF	Os05g0333200	PATO:0000622	erect paincles	[SENT] erect paincles	[SENT] erect paincles	[SENT] erect paincl	Oellrich, Walls et al., 2015	https://plantmethods.biomedcentral.com/articles/10.1186/s13007-015-0053-y	13007_2015_53_MOESM1_ESM.csv
7	Oryza sativa	osa	D1|Os05g0333200	D1.1|DAIKOKU DWARF	Os05g0333200	PATO:0002397|PATO:0000014|PATO:0001249|PATO:0000591|PATO:000...	A typical small grain dwarf type with short and stout stems, short, sinuate but broad leaves with da...	[SENT] A typical small grain dwarf type with short and stout stems, short, sinuate but broad leaves ...	[SENT] A typical small grain dwarf type with short and stout stems , short , sinuate but broad leave...	[SENT] typic small grain dwarf type short stout stem short sinuat broad leav dark green color erect ...	Oellrich, Walls et al., 2015	https://plantmethods.biomedcentral.com/articles/10.1186/s13007-015-0053-y	13007_2015_53_MOESM1_ESM.csv
7	Oryza sativa	osa	D1|Os05g0333200	D1.1|DAIKOKU DWARF	Os05g0333200	PATO:0002359|PATO:0000600	broad leaves 	[SENT] broad leaves	[SENT] broad leaves	[SENT] broad leav	Oellrich, Walls et al., 2015	https://plantmethods.biomedcentral.com/articles/10.1186/s13007-015-0053-y	13007_2015_53_MOESM1_ESM.csv
7	Oryza sativa	osa	D1|Os05g0333200	D1.1|DAIKOKU DWARF	Os05g0333200	PATO:0000569|PATO:0000574	short leaves	[SENT] short leaves	[SENT] short leaves	[SENT] short leav	Oellrich, Walls et al., 2015	https://plantmethods.biomedcentral.com/articles/10.1186/s13007-015-0053-y	13007_2015_53_MOESM1_ESM.csv
7	Oryza sativa	osa	D1|Os05g0333200	D1.1|DAIKOKU DWARF	Os05g0333200	PATO:0000591|GO:0033269	thick internodes	[SENT] thick internodes	[SENT] thick internodes	[SENT] internod	Oellrich, Walls et al., 2015	https://plantmethods.biomedcentral.com/articles/10.1186/s13007-015-0053-y	13007_2015_53_MOESM1_ESM.csv
7	Oryza sativa	osa	D1|Os05g0333200	D1.1|DAIKOKU DWARF	Os05g0333200	PATO:0000587|PO:0009039	small glume	[SENT] small glume	[SENT] small glume	[SENT] small glume	Oellrich, Walls et al., 2015	https://plantmethods.biomedcentral.com/articles/10.1186/s13007-015-0053-y	13007_2015_53_MOESM1_ESM.csv
